shelf_id,aisle,item_weight,shelf_weight,item_category,item_subcategory,maximum_stock,current_stock,item_price
BEVWAT0001,1,1500,720000,BEVERAGES,Water,480,60,2.4
BEVWAT0002,1,2000,672000,BEVERAGES,Water,336,24,1.69
BEVWAT0003,1,1000,600000,BEVERAGES,Water,600,60,0.7
BEVWAT0004,1,2000,360000,BEVERAGES,Water,180,60,1.7
BEVWAT0005,1,2000,720000,BEVERAGES,Water,360,36,2.44
BEVWAT0006,1,750,409500,BEVERAGES,Water,546,84,0.86
BEVWAT0007,1,500,288000,BEVERAGES,Water,576,144,1.11
BEVWAT0008,1,2000,1152000,BEVERAGES,Water,576,36,1.36
BEVFRU0009,1,1000,288000,BEVERAGES,Fruit-based Soft Drinks,288,72,2.22
BEVFRU0010,1,1500,720000,BEVERAGES,Fruit-based Soft Drinks,480,120,1.58
BEVFRU0011,1,500,192000,BEVERAGES,Fruit-based Soft Drinks,384,48,1.18
BEVFRU0012,1,1000,288000,BEVERAGES,Fruit-based Soft Drinks,288,108,1.76
BEVFRU0013,1,1500,504000,BEVERAGES,Fruit-based Soft Drinks,336,126,1.93
BEVFRU0014,1,1000,414000,BEVERAGES,Fruit-based Soft Drinks,414,54,2.36
BEVFRU0015,1,1000,252000,BEVERAGES,Fruit-based Soft Drinks,252,36,1.03
BEVFRU0016,1,1500,756000,BEVERAGES,Fruit-based Soft Drinks,504,48,2.13
BEVFRU0017,1,330,166320,BEVERAGES,Fruit-based Soft Drinks,504,48,1.03
BEVCOL0018,1,1500,594000,BEVERAGES,Cola Soft Drinks,396,72,1.75
BEVCOL0019,1,1000,240000,BEVERAGES,Cola Soft Drinks,240,60,2.6
BEVCOL0020,1,1000,432000,BEVERAGES,Cola Soft Drinks,432,72,3.29
BEVCOL0021,1,500,168000,BEVERAGES,Cola Soft Drinks,336,72,2.72
BEVCOL0022,1,500,240000,BEVERAGES,Cola Soft Drinks,480,24,2.4
BEVCOL0023,1,1500,180000,BEVERAGES,Cola Soft Drinks,120,120,1.63
BEVICE0024,1,500,120000,BEVERAGES,Iced Tea,240,24,2.4
BEVICE0025,1,500,96000,BEVERAGES,Iced Tea,192,144,2.61
BEVICE0026,1,1000,192000,BEVERAGES,Iced Tea,192,48,2.66
BEVICE0027,1,1000,336000,BEVERAGES,Iced Tea,336,48,1.94
BEVICE0028,1,1500,378000,BEVERAGES,Iced Tea,252,126,2.52
BEVENE0029,1,330,39600,BEVERAGES,Energy Drinks,120,48,2.85
BEVENE0030,1,250,72000,BEVERAGES,Energy Drinks,288,36,2.2
BEVENE0031,1,250,45000,BEVERAGES,Energy Drinks,180,120,1.85
BEVENE0032,1,250,60000,BEVERAGES,Energy Drinks,240,60,1.69
BEVENE0033,1,250,27000,BEVERAGES,Energy Drinks,108,36,3.43
BEVENE0034,1,500,126000,BEVERAGES,Energy Drinks,252,36,3.54
BEVENE0035,1,500,75000,BEVERAGES,Energy Drinks,150,90,3.48
BEVFLA0036,1,500,132000,BEVERAGES,Flavored Water,264,24,2.39
BEVFLA0037,1,500,189000,BEVERAGES,Flavored Water,378,18,2.37
BEVJUI0038,1,1500,567000,BEVERAGES,Juices,378,54,2.85
BEVJUI0039,1,1500,288000,BEVERAGES,Juices,192,144,2.61
BEVJUI0040,1,1500,378000,BEVERAGES,Juices,252,72,3.5
BEVJUI0041,1,1500,495000,BEVERAGES,Juices,330,60,2.32
BEVJUI0042,1,200,36000,BEVERAGES,Juices,180,180,2.65
BEVJUI0043,1,500,189000,BEVERAGES,Juices,378,126,4.05
BEVJUI0044,1,500,120000,BEVERAGES,Juices,240,96,2.21
BEVJUI0045,1,1000,180000,BEVERAGES,Juices,180,120,1.62
BEVJUI0046,1,1000,216000,BEVERAGES,Juices,216,72,1.83
BEVJUI0047,1,200,48000,BEVERAGES,Juices,240,120,2.11
BEVJUI0048,1,200,36000,BEVERAGES,Juices,180,108,2.44
BEVJUI0049,1,500,120000,BEVERAGES,Juices,240,60,1.92
BEVJUI0050,1,200,58800,BEVERAGES,Juices,294,42,3.12
BEVSYR0051,1,750,90000,BEVERAGES,Syrups,120,60,5.83
BEVSYR0052,1,500,108000,BEVERAGES,Syrups,216,108,5.08
SPINON0053,2,1000,80000,SPIRITS AND APERITIFS,Non-alcoholic Aperitifs,80,40,6.5
SPINON0054,2,750,45000,SPIRITS AND APERITIFS,Non-alcoholic Aperitifs,60,60,4.42
SPIALC0055,2,1000,90000,SPIRITS AND APERITIFS,Alcoholic Aperitifs,90,60,9.84
SPIALC0056,2,1000,60000,SPIRITS AND APERITIFS,Alcoholic Aperitifs,60,20,18.48
SPIALC0057,2,750,60000,SPIRITS AND APERITIFS,Alcoholic Aperitifs,80,40,18.65
SPIALC0058,2,750,75000,SPIRITS AND APERITIFS,Alcoholic Aperitifs,100,50,10.54
SPIALC0059,2,1000,70000,SPIRITS AND APERITIFS,Alcoholic Aperitifs,70,70,7.01
SPILIQ0060,2,500,45000,SPIRITS AND APERITIFS,Liqueurs,90,45,16.1
SPILIQ0061,2,1000,105000,SPIRITS AND APERITIFS,Liqueurs,105,105,18.35
SPILIQ0062,2,500,55000,SPIRITS AND APERITIFS,Liqueurs,110,55,12.4
SPILIQ0063,2,1000,90000,SPIRITS AND APERITIFS,Liqueurs,90,30,13.37
SPILIQ0064,2,500,35000,SPIRITS AND APERITIFS,Liqueurs,70,70,11.3
SPIGRA0065,2,700,70000,SPIRITS AND APERITIFS,Grappa,100,60,23.81
SPIGRA0066,2,500,30000,SPIRITS AND APERITIFS,Grappa,60,40,25.53
SPIGRA0067,2,700,63000,SPIRITS AND APERITIFS,Grappa,90,45,16.29
SPIGRA0068,2,700,56000,SPIRITS AND APERITIFS,Grappa,80,80,32.59
SPIGRA0069,2,500,40000,SPIRITS AND APERITIFS,Grappa,80,20,24.75
SPICOG0070,2,700,56000,SPIRITS AND APERITIFS,Cognac and Brandy,80,20,38.18
SPICOG0071,2,700,56000,SPIRITS AND APERITIFS,Cognac and Brandy,80,80,51.92
SPIWHI0072,2,1000,75000,SPIRITS AND APERITIFS,Whisky,75,25,43.71
SPIWHI0073,2,1000,80000,SPIRITS AND APERITIFS,Whisky,80,40,29.51
SPIAMA0074,2,1000,120000,SPIRITS AND APERITIFS,Amaro,120,60,18.11
SPIAMA0075,2,1000,120000,SPIRITS AND APERITIFS,Amaro,120,45,17.18
SPIAMA0076,2,700,56000,SPIRITS AND APERITIFS,Amaro,80,80,16.17
SPIAMA0077,2,1000,60000,SPIRITS AND APERITIFS,Amaro,60,30,12.53
SPIGIN0078,2,1000,100000,SPIRITS AND APERITIFS,Gin,100,75,31.94
SPIGIN0079,2,1000,100000,SPIRITS AND APERITIFS,Gin,100,50,27.8
SPIVOD0080,2,1000,60000,SPIRITS AND APERITIFS,Vodka,60,30,23.61
SPIVOD0081,2,700,42000,SPIRITS AND APERITIFS,Vodka,60,20,24.44
SPIRUM0082,2,1000,60000,SPIRITS AND APERITIFS,Rum,60,30,19.13
SPIRUM0083,2,700,56000,SPIRITS AND APERITIFS,Rum,80,40,18.4
SPIETH0084,2,1000,180000,SPIRITS AND APERITIFS,Ethyl Alcohol,180,90,6.29
BEESTA0085,3,500,378000,BEERS,Standard,756,108,2.96
BEESTA0086,3,330,285120,BEERS,Standard,864,96,1.48
BEESTA0087,3,330,247500,BEERS,Standard,750,60,2.8
BEESTA0088,3,660,217800,BEERS,Standard,330,30,1.68
BEESTA0089,3,660,594000,BEERS,Standard,900,60,2.45
BEESTA0090,3,500,180000,BEERS,Standard,360,72,2.56
BEESTA0091,3,660,332640,BEERS,Standard,504,36,2.87
BEESTA0092,3,500,408000,BEERS,Standard,816,144,2.34
BEESTA0093,3,660,166320,BEERS,Standard,252,36,1.74
BEESTA0094,3,660,221760,BEERS,Standard,336,48,2.95
BEEPRE0095,3,500,192000,BEERS,Premium,384,48,3.87
BEEPRE0096,3,750,108000,BEERS,Premium,144,18,4.13
BEEPRE0097,3,330,79200,BEERS,Premium,240,48,2.55
BEEPRE0098,3,330,118800,BEERS,Premium,360,120,2.95
BEEPRE0099,3,750,189000,BEERS,Premium,252,36,4.14
BEEPRE0100,3,750,90000,BEERS,Premium,120,120,3.42
BEEPRE0101,3,500,96000,BEERS,Premium,192,96,3.11
BEEIMP0102,3,500,72000,BEERS,Imported,144,96,3.57
BEEIMP0103,3,750,283500,BEERS,Imported,378,126,3.74
BEEIMP0104,3,500,150000,BEERS,Imported,300,120,4.58
BEEIMP0105,3,330,83160,BEERS,Imported,252,84,2.78
BEEIMP0106,3,750,283500,BEERS,Imported,378,36,4.29
BEEIMP0107,3,330,79200,BEERS,Imported,240,144,5.98
BEEIMP0108,3,330,126720,BEERS,Imported,384,144,3.12
BEEIMP0109,3,750,189000,BEERS,Imported,252,126,4.99
BEEIMP0110,3,330,69300,BEERS,Imported,210,84,3.71
BEENON0111,3,330,106920,BEERS,Non-alcoholic,324,18,2.95
BEEFLA0112,3,500,147000,BEERS,Flavored,294,42,2.59
WINBRI0113,4,1500,405000,WINES,Brick Wines,270,90,2.44
WINBRI0114,4,1000,120000,WINES,Brick Wines,120,60,3.45
WINBRI0115,4,1000,144000,WINES,Brick Wines,144,96,3.94
WINWHI0116,4,1500,180000,WINES,White Wines,120,60,9.43
WINWHI0117,4,1500,180000,WINES,White Wines,120,120,13.32
WINWHI0118,4,750,54000,WINES,White Wines,72,72,11.68
WINWHI0119,4,750,40500,WINES,White Wines,54,54,26.07
WINWHI0120,4,750,90000,WINES,White Wines,120,120,22.43
WINWHI0121,4,750,72000,WINES,White Wines,96,24,11.71
WINWHI0122,4,750,63000,WINES,White Wines,84,42,10.66
WINWHI0123,4,1500,189000,WINES,White Wines,126,54,17.29
WINWHI0124,4,1500,189000,WINES,White Wines,126,18,24.76
WINWHI0125,4,1500,144000,WINES,White Wines,96,48,22.25
WINWHI0126,4,1500,180000,WINES,White Wines,120,120,27.05
WINWHI0127,4,1500,180000,WINES,White Wines,120,60,19.05
WINWHI0128,4,750,108000,WINES,White Wines,144,54,4.93
WINWHI0129,4,1500,126000,WINES,White Wines,84,84,18.11
WINWHI0130,4,1500,144000,WINES,White Wines,96,48,19.36
WINWHI0131,4,750,72000,WINES,White Wines,96,96,4.97
WINWHI0132,4,750,54000,WINES,White Wines,72,36,13.36
WINWHI0133,4,750,94500,WINES,White Wines,126,126,17.58
WINSPA0134,4,1500,126000,WINES,Sparkling White Wines,84,84,9.32
WINSPA0135,4,750,63000,WINES,Sparkling White Wines,84,42,6.71
WINSPA0136,4,1500,180000,WINES,Sparkling White Wines,120,120,15.63
WINSPA0137,4,750,54000,WINES,Sparkling White Wines,72,36,17.75
WINSPA0138,4,1500,108000,WINES,Sparkling White Wines,72,72,24.52
WINSPA0139,4,1500,135000,WINES,Sparkling White Wines,90,18,11.46
WINRED0140,4,1500,108000,WINES,Red Wines,72,72,17.19
WINRED0141,4,1500,189000,WINES,Red Wines,126,42,8.53
WINRED0142,4,1500,180000,WINES,Red Wines,120,120,48.32
WINRED0143,4,750,63000,WINES,Red Wines,84,42,36.32
WINRED0144,4,750,40500,WINES,Red Wines,54,54,12.8
WINRED0145,4,750,72000,WINES,Red Wines,96,96,16.26
WINRED0146,4,1500,126000,WINES,Red Wines,84,42,37.16
WINRED0147,4,750,63000,WINES,Red Wines,84,42,33.72
WINRED0148,4,750,94500,WINES,Red Wines,126,84,34.57
WINRED0149,4,1500,180000,WINES,Red Wines,120,30,37.85
WINRED0150,4,1500,135000,WINES,Red Wines,90,30,30.47
WINRED0151,4,750,63000,WINES,Red Wines,84,42,10.41
WINRED0152,4,1500,180000,WINES,Red Wines,120,120,9.13
WINRED0153,4,750,72000,WINES,Red Wines,96,96,19.01
WINRED0154,4,1500,216000,WINES,Red Wines,144,24,12.89
WINRED0155,4,1500,180000,WINES,Red Wines,120,60,27.12
WINRED0156,4,1500,144000,WINES,Red Wines,96,96,12.79
WINRED0157,4,750,90000,WINES,Red Wines,120,72,22.93
WINRED0158,4,1500,144000,WINES,Red Wines,96,24,33.58
WINRED0159,4,1500,108000,WINES,Red Wines,72,72,21.86
WINRED0160,4,750,67500,WINES,Red Wines,90,36,27.64
WINRED0161,4,1500,108000,WINES,Red Wines,72,72,34.64
WINRED0162,4,1500,180000,WINES,Red Wines,120,120,8.18
WINRED0163,4,1500,135000,WINES,Red Wines,90,60,6.19
WINSPA0164,4,1500,108000,WINES,Sparkling Red Wines,72,24,13.63
WINSPA0165,4,750,40500,WINES,Sparkling Red Wines,54,18,14.65
WINSPA0166,4,750,63000,WINES,Sparkling Red Wines,84,42,13.18
WINSPA0167,4,1500,162000,WINES,Sparkling Red Wines,108,54,10.79
WINSPA0168,4,1500,108000,WINES,Sparkling Red Wines,72,36,18.58
WINSPA0169,4,750,90000,WINES,Sparkling Red Wines,120,60,6.04
WINSPA0170,4,1500,135000,WINES,Sparkling Red Wines,90,90,5.27
WINSPA0171,4,1500,81000,WINES,Sparkling Red Wines,54,54,15.25
WINSPA0172,4,1500,72000,WINES,Sparkling Red Wines,48,48,9.78
WINSPA0173,4,1500,108000,WINES,Sparkling Red Wines,72,72,5.35
WINSPA0174,4,750,54000,WINES,Sparkling Red Wines,72,36,9.23
WINROS0175,4,1500,126000,WINES,Rosé Wines,84,84,15.15
WINROS0176,4,750,54000,WINES,Rosé Wines,72,72,18.04
WINROS0177,4,750,67500,WINES,Rosé Wines,90,18,16.86
WINSPA0178,4,1500,108000,WINES,Sparkling Rosé Wines,72,54,7.66
WINSPA0179,4,1500,162000,WINES,Sparkling Rosé Wines,108,36,17.1
WINSPA0180,4,750,54000,WINES,Sparkling Wines,72,48,25.33
WINSPA0181,4,750,90000,WINES,Sparkling Wines,120,120,40.61
WINSPA0182,4,1500,108000,WINES,Sparkling Wines,72,72,31.6
WINSPA0183,4,750,90000,WINES,Sparkling Wines,120,60,36.55
WINDES0184,4,500,48000,WINES,Dessert Wines,96,48,21.91
LONLON0185,5,500,504000,LONG-LIFE DAIRY,Long-life Milk,1008,72,1.8
LONLON0186,5,1000,1092000,LONG-LIFE DAIRY,Long-life Milk,1092,84,1.58
LONLON0187,5,500,144000,LONG-LIFE DAIRY,Long-life Milk,288,108,1.15
LONLON0188,5,1000,1200000,LONG-LIFE DAIRY,Long-life Milk,1200,60,2.44
LONLON0189,5,1000,1116000,LONG-LIFE DAIRY,Long-life Milk,1116,108,1.53
LONLON0190,5,1000,576000,LONG-LIFE DAIRY,Long-life Milk,576,72,2.02
LONLON0191,5,500,273000,LONG-LIFE DAIRY,Long-life Milk,546,84,1.74
LONLON0192,5,500,540000,LONG-LIFE DAIRY,Long-life Milk,1080,54,1.44
LONLON0193,5,1000,504000,LONG-LIFE DAIRY,Long-life Milk,504,36,2.01
LONPLA0194,5,500,288000,LONG-LIFE DAIRY,Plant-based Drinks,576,36,3.48
LONPLA0195,5,500,324000,LONG-LIFE DAIRY,Plant-based Drinks,648,72,1.73
LONPLA0196,5,1000,240000,LONG-LIFE DAIRY,Plant-based Drinks,240,120,1.64
LONPLA0197,5,1000,360000,LONG-LIFE DAIRY,Plant-based Drinks,360,120,2.6
LONPLA0198,5,500,204000,LONG-LIFE DAIRY,Plant-based Drinks,408,48,2.38
LONPLA0199,5,500,264000,LONG-LIFE DAIRY,Plant-based Drinks,528,48,1.86
LONCRE0200,5,250,126000,LONG-LIFE DAIRY,Cream and Béchamel,504,84,2.55
LONCRE0201,5,250,42000,LONG-LIFE DAIRY,Cream and Béchamel,168,42,1.21
LONCRE0202,5,250,97500,LONG-LIFE DAIRY,Cream and Béchamel,390,60,1.99
LONCRE0203,5,250,84000,LONG-LIFE DAIRY,Cream and Béchamel,336,126,1.37
LONCON0204,5,170,42840,LONG-LIFE DAIRY,Condensed Milk,252,42,1.85
HOUPAP0205,6,591,159570,HOUSEHOLD GOODS,Paper Towels,270,15,6.88
HOUPAP0206,6,550,154000,HOUSEHOLD GOODS,Paper Towels,280,120,6.52
HOUPAP0207,6,501,52605,HOUSEHOLD GOODS,Paper Towels,105,35,2.5
HOUTIS0208,6,157,87920,HOUSEHOLD GOODS,Tissues,560,140,2.03
HOUTIS0209,6,139,66720,HOUSEHOLD GOODS,Tissues,480,30,1.53
HOUTIS0210,6,222,132090,HOUSEHOLD GOODS,Tissues,595,70,0.82
HOUTIS0211,6,249,149400,HOUSEHOLD GOODS,Tissues,600,120,1.06
HOUNAP0212,6,100,67500,HOUSEHOLD GOODS,Napkins,675,150,3.04
HOUNAP0213,6,289,184960,HOUSEHOLD GOODS,Napkins,640,60,2.2
HOUNAP0214,6,411,295920,HOUSEHOLD GOODS,Napkins,720,120,2.59
HOUFIL0215,6,233,37280,HOUSEHOLD GOODS,Film-aluminum-parchment paper,160,120,4.31
HOUFIL0216,6,179,62650,HOUSEHOLD GOODS,Film-aluminum-parchment paper,350,140,3.35
HOUFIL0217,6,351,73710,HOUSEHOLD GOODS,Film-aluminum-parchment paper,210,30,1.76
HOUFIL0218,6,246,104550,HOUSEHOLD GOODS,Film-aluminum-parchment paper,425,25,4.89
HOUBAK0219,6,146,52560,HOUSEHOLD GOODS,Baking Trays,360,20,4.52
HOUBAK0220,6,472,169920,HOUSEHOLD GOODS,Baking Trays,360,30,4.79
HOUBAK0221,6,243,66825,HOUSEHOLD GOODS,Baking Trays,275,110,4.95
HOUFRE0222,6,151,33975,HOUSEHOLD GOODS,Freezer Bags,225,150,1.91
HOUFRE0223,6,166,62250,HOUSEHOLD GOODS,Freezer Bags,375,75,1.55
HOUTOO0224,6,55,28600,HOUSEHOLD GOODS,Toothpicks and similar,520,65,1.2
HOUTOO0225,6,79,23700,HOUSEHOLD GOODS,Toothpicks and similar,300,150,1.38
HOUPAP0226,6,456,143640,HOUSEHOLD GOODS,Paper tableware,315,45,4.91
HOUPAP0227,6,244,78080,HOUSEHOLD GOODS,Paper tableware,320,80,2.48
BATWIP0228,7,311,83970,BATH AND PERSONAL CARE,Wipes,270,30,2.81
BATWIP0229,7,352,211200,BATH AND PERSONAL CARE,Wipes,600,30,3.82
BATSAN0230,7,355,42600,BATH AND PERSONAL CARE,Sanitary pads and liners,120,60,4.32
BATSAN0231,7,109,38150,BATH AND PERSONAL CARE,Sanitary pads and liners,350,50,5.73
BATSAN0232,7,350,87500,BATH AND PERSONAL CARE,Sanitary pads and liners,250,50,2.18
BATSAN0233,7,388,67900,BATH AND PERSONAL CARE,Sanitary pads and liners,175,25,5.11
BATSAN0234,7,323,103360,BATH AND PERSONAL CARE,Sanitary pads and liners,320,80,5.94
BATSAN0235,7,381,120015,BATH AND PERSONAL CARE,Sanitary pads and liners,315,45,3.52
BATSAN0236,7,382,61120,BATH AND PERSONAL CARE,Sanitary pads and liners,160,60,4.28
BATSAN0237,7,197,106380,BATH AND PERSONAL CARE,Sanitary pads and liners,540,40,2.15
BATSAN0238,7,105,42000,BATH AND PERSONAL CARE,Sanitary pads and liners,400,80,4.77
BATADU0239,7,1270,190500,BATH AND PERSONAL CARE,Adult diapers,150,90,17.44
BATADU0240,7,1176,423360,BATH AND PERSONAL CARE,Adult diapers,360,60,20.87
BATADU0241,7,1668,183480,BATH AND PERSONAL CARE,Adult diapers,110,20,12.1
BATADU0242,7,500,52500,BATH AND PERSONAL CARE,Adult diapers,105,105,24.22
BATADU0243,7,1969,649770,BATH AND PERSONAL CARE,Adult diapers,330,30,22.93
BATCOT0244,7,141,49350,BATH AND PERSONAL CARE,Cotton,350,150,1.54
BATCOT0245,7,167,70975,BATH AND PERSONAL CARE,Cotton,425,25,2.66
BATCOT0246,7,61,27450,BATH AND PERSONAL CARE,Cotton swabs,450,75,2.22
BATTOI0247,7,888,199800,BATH AND PERSONAL CARE,Toilet paper,225,75,3.16
BATTOI0248,7,900,441000,BATH AND PERSONAL CARE,Toilet paper,490,35,3.51
BATBAR0249,7,134,28140,BATH AND PERSONAL CARE,Bar soaps,210,70,1.57
BATBAR0250,7,152,91200,BATH AND PERSONAL CARE,Bar soaps,600,75,0.96
BATLIQ0251,7,500,200000,BATH AND PERSONAL CARE,Liquid soaps,400,50,2.38
BATLIQ0252,7,500,120000,BATH AND PERSONAL CARE,Liquid soaps,240,30,2.48
BATLIQ0253,7,1000,195000,BATH AND PERSONAL CARE,Liquid soaps,195,15,3.32
BATLIQ0254,7,500,125000,BATH AND PERSONAL CARE,Liquid soaps,250,100,2.63
BATLIQ0255,7,500,220000,BATH AND PERSONAL CARE,Liquid soaps,440,80,3.66
BATINT0256,7,250,96250,BATH AND PERSONAL CARE,Intimate soaps,385,110,2.44
BATINT0257,7,250,61250,BATH AND PERSONAL CARE,Intimate soaps,245,70,3.48
BATINT0258,7,500,157500,BATH AND PERSONAL CARE,Intimate soaps,315,135,2.14
BATTOO0259,7,102,49980,BATH AND PERSONAL CARE,Toothpastes,490,210,2.37
BATTOO0260,7,92,27600,BATH AND PERSONAL CARE,Toothpastes,300,90,2.1
BATTOO0261,7,160,80000,BATH AND PERSONAL CARE,Toothpastes,500,150,1.82
BATTOO0262,7,129,58050,BATH AND PERSONAL CARE,Toothpastes,450,90,1.88
BATTOO0263,7,193,74305,BATH AND PERSONAL CARE,Toothpastes,385,55,3.1
BATTOO0264,7,181,103170,BATH AND PERSONAL CARE,Toothpastes,570,60,2.36
BATTOO0265,7,145,23200,BATH AND PERSONAL CARE,Toothpastes,160,80,2.68
BATTOO0266,7,110,42900,BATH AND PERSONAL CARE,Toothpastes,390,60,1.98
BATTOO0267,7,70,36750,BATH AND PERSONAL CARE,Toothpastes,525,75,1.92
BATMOU0268,7,500,160000,BATH AND PERSONAL CARE,Mouthwashes,320,80,3.12
BATMOU0269,7,500,240000,BATH AND PERSONAL CARE,Mouthwashes,480,120,2.92
BATMOU0270,7,500,90000,BATH AND PERSONAL CARE,Mouthwashes,180,40,5.63
BATTOO0271,7,127,35560,BATH AND PERSONAL CARE,Toothbrushes and accessories,280,210,2.32
BATTOO0272,7,122,21960,BATH AND PERSONAL CARE,Toothbrushes and accessories,180,120,1.37
BATTOO0273,7,105,25200,BATH AND PERSONAL CARE,Toothbrushes and accessories,240,160,4.49
BATTOO0274,7,130,46800,BATH AND PERSONAL CARE,Toothbrushes and accessories,360,40,2.11
BATTOO0275,7,57,9120,BATH AND PERSONAL CARE,Toothbrushes and accessories,160,160,3.99
BATTOO0276,7,96,21600,BATH AND PERSONAL CARE,Toothbrushes and accessories,225,135,2.48
BATTOO0277,7,63,18900,BATH AND PERSONAL CARE,Toothbrushes and accessories,300,150,3.47
BATTOO0278,7,127,20320,BATH AND PERSONAL CARE,Toothbrushes and accessories,160,80,2.85
BATSHA0279,7,500,137500,BATH AND PERSONAL CARE,Shampoos,275,110,2.22
BATSHA0280,7,750,210000,BATH AND PERSONAL CARE,Shampoos,280,120,6.28
BATSHA0281,7,750,446250,BATH AND PERSONAL CARE,Shampoos,595,105,5.19
BATSHA0282,7,500,300000,BATH AND PERSONAL CARE,Shampoos,600,90,4.68
BATSHA0283,7,750,225000,BATH AND PERSONAL CARE,Shampoos,300,15,3.45
BATSHA0284,7,750,165000,BATH AND PERSONAL CARE,Shampoos,220,40,4.26
BATSHA0285,7,750,210000,BATH AND PERSONAL CARE,Shampoos,280,80,3.93
BATSHA0286,7,500,270000,BATH AND PERSONAL CARE,Shampoos,540,120,5.21
BATSHA0287,7,250,60000,BATH AND PERSONAL CARE,Shampoos,240,180,4.06
BATSHA0288,7,500,212500,BATH AND PERSONAL CARE,Shampoos,425,50,6.74
BATSHA0289,7,750,360000,BATH AND PERSONAL CARE,Shampoos,480,80,5.51
BATSHA0290,7,500,220000,BATH AND PERSONAL CARE,Shampoos,440,165,5.35
BATSHA0291,7,250,60000,BATH AND PERSONAL CARE,Shampoos,240,180,5.39
BATCON0292,7,150,78000,BATH AND PERSONAL CARE,Conditioners and after-shampoos,520,130,4.68
BATCON0293,7,250,78750,BATH AND PERSONAL CARE,Conditioners and after-shampoos,315,45,3.97
BATCON0294,7,150,48000,BATH AND PERSONAL CARE,Conditioners and after-shampoos,320,40,8.1
BATCON0295,7,250,112500,BATH AND PERSONAL CARE,Conditioners and after-shampoos,450,135,3.85
BATCON0296,7,500,110000,BATH AND PERSONAL CARE,Conditioners and after-shampoos,220,110,5.43
BATCON0297,7,500,150000,BATH AND PERSONAL CARE,Conditioners and after-shampoos,300,60,7.55
BATCON0298,7,500,280000,BATH AND PERSONAL CARE,Conditioners and after-shampoos,560,120,2.61
BATHAI0299,7,135,30375,BATH AND PERSONAL CARE,Hair dyes,225,135,14.97
BATHAI0300,7,165,23100,BATH AND PERSONAL CARE,Hair dyes,140,140,10.76
BATHAI0301,7,103,13905,BATH AND PERSONAL CARE,Hair dyes,135,45,5.05
BATHAI0302,7,212,47700,BATH AND PERSONAL CARE,Hair dyes,225,90,9.91
BATHAI0303,7,278,76450,BATH AND PERSONAL CARE,Hair dyes,275,75,13.21
BATHAI0304,7,178,23140,BATH AND PERSONAL CARE,Hair dyes,130,65,10.35
BATHAI0305,7,272,36720,BATH AND PERSONAL CARE,Hairsprays and gels,135,90,6.08
BATHAI0306,7,217,68355,BATH AND PERSONAL CARE,Hairsprays and gels,315,105,5.84
BATHAI0307,7,324,116640,BATH AND PERSONAL CARE,Hairsprays and gels,360,40,5.94
BATHAI0308,7,189,51030,BATH AND PERSONAL CARE,Hairsprays and gels,270,90,6.07
BATDEO0309,7,86,30100,BATH AND PERSONAL CARE,Deodorants and talc,350,35,4.02
BATDEO0310,7,126,32760,BATH AND PERSONAL CARE,Deodorants and talc,260,40,4.13
BATDEO0311,7,183,35685,BATH AND PERSONAL CARE,Deodorants and talc,195,65,3.35
BATDEO0312,7,54,28350,BATH AND PERSONAL CARE,Deodorants and talc,525,225,2.25
BATDEO0313,7,179,53700,BATH AND PERSONAL CARE,Deodorants and talc,300,25,3.29
BATDEO0314,7,133,85120,BATH AND PERSONAL CARE,Deodorants and talc,640,80,3.02
BATDEO0315,7,122,59780,BATH AND PERSONAL CARE,Deodorants and talc,490,210,5.04
BATDEO0316,7,192,76800,BATH AND PERSONAL CARE,Deodorants and talc,400,50,3.89
BATDEO0317,7,212,50880,BATH AND PERSONAL CARE,Deodorants and talc,240,60,3.4
BATDEO0318,7,118,44250,BATH AND PERSONAL CARE,Deodorants and talc,375,150,5.32
BATDEO0319,7,227,87395,BATH AND PERSONAL CARE,Deodorants and talc,385,110,2.5
BATDEO0320,7,186,44640,BATH AND PERSONAL CARE,Deodorants and talc,240,30,2.82
BATDEO0321,7,84,41580,BATH AND PERSONAL CARE,Deodorants and talc,495,90,5.71
BATBAT0322,7,250,135000,BATH AND PERSONAL CARE,Bath and shower gels,540,180,2.7
BATBAT0323,7,250,165000,BATH AND PERSONAL CARE,Bath and shower gels,660,90,3.01
BATBAT0324,7,250,105000,BATH AND PERSONAL CARE,Bath and shower gels,420,60,2.93
BATBAT0325,7,1000,600000,BATH AND PERSONAL CARE,Bath and shower gels,600,80,5.17
BATBAT0326,7,250,150000,BATH AND PERSONAL CARE,Bath and shower gels,600,120,6.39
BATBAT0327,7,500,250000,BATH AND PERSONAL CARE,Bath and shower gels,500,150,6.08
BATBAT0328,7,500,270000,BATH AND PERSONAL CARE,Bath and shower gels,540,90,6.5
BATBAT0329,7,250,120000,BATH AND PERSONAL CARE,Bath and shower gels,480,40,5.74
BATBAT0330,7,250,100000,BATH AND PERSONAL CARE,Bath and shower gels,400,100,3.78
BATBAT0331,7,500,220000,BATH AND PERSONAL CARE,Bath and shower gels,440,165,4.72
BATBAT0332,7,1000,400000,BATH AND PERSONAL CARE,Bath and shower gels,400,80,4.71
BATBAT0333,7,500,105000,BATH AND PERSONAL CARE,Bath and shower gels,210,30,3.66
BATBAT0334,7,500,230000,BATH AND PERSONAL CARE,Bath and shower gels,460,40,2.7
BATBAT0335,7,500,280000,BATH AND PERSONAL CARE,Bath and shower gels,560,105,6.47
BATBOD0336,7,256,76800,BATH AND PERSONAL CARE,Body treatments,300,60,5.21
BATBOD0337,7,388,139680,BATH AND PERSONAL CARE,Body treatments,360,135,4.27
BATBOD0338,7,421,109460,BATH AND PERSONAL CARE,Body treatments,260,20,10.1
BATBOD0339,7,217,37975,BATH AND PERSONAL CARE,Body treatments,175,105,10.57
BATBOD0340,7,464,153120,BATH AND PERSONAL CARE,Body treatments,330,110,5.02
BATBOD0341,7,114,41040,BATH AND PERSONAL CARE,Body treatments,360,80,10.38
BATFAC0342,7,206,41200,BATH AND PERSONAL CARE,Face creams and masks,200,25,8.44
BATFAC0343,7,204,36720,BATH AND PERSONAL CARE,Face creams and masks,180,30,14.62
BATFAC0344,7,213,76680,BATH AND PERSONAL CARE,Face creams and masks,360,120,13.14
BATFAC0345,7,197,25610,BATH AND PERSONAL CARE,Face creams and masks,130,65,7.72
BATCLE0346,7,250,100000,BATH AND PERSONAL CARE,Cleansing and makeup remover waters,400,50,4.14
BATCLE0347,7,500,220000,BATH AND PERSONAL CARE,Cleansing and makeup remover waters,440,110,4.44
BATCLE0348,7,250,35000,BATH AND PERSONAL CARE,Cleansing and makeup remover waters,140,60,3.5
BATCLE0349,7,500,105000,BATH AND PERSONAL CARE,Cleansing and makeup remover waters,210,105,6.63
BATCLE0350,7,150,49500,BATH AND PERSONAL CARE,Cleansing and makeup remover waters,330,165,7.61
BATACE0351,7,100,30000,BATH AND PERSONAL CARE,Acetone,300,225,1.73
BATPRE0352,7,80,14400,BATH AND PERSONAL CARE,Pre-shave,180,90,4.43
BATPRE0353,7,100,27500,BATH AND PERSONAL CARE,Pre-shave,275,110,4.95
BATPRE0354,7,90,22500,BATH AND PERSONAL CARE,Pre-shave,250,50,5.7
BATRAZ0355,7,50,4000,BATH AND PERSONAL CARE,Razors and men's accessories,80,80,3.35
BATRAZ0356,7,139,31275,BATH AND PERSONAL CARE,Razors and men's accessories,225,45,8.79
BATRAZ0357,7,106,33390,BATH AND PERSONAL CARE,Razors and men's accessories,315,135,4.99
BATRAZ0358,7,104,33280,BATH AND PERSONAL CARE,Razors and men's accessories,320,120,4.21
BATRAZ0359,7,102,32130,BATH AND PERSONAL CARE,Razors and men's accessories,315,105,5.01
BATRAZ0360,7,106,38160,BATH AND PERSONAL CARE,Razors and men's accessories,360,180,2.53
BATRAZ0361,7,84,20160,BATH AND PERSONAL CARE,Razors and women's accessories,240,180,5.49
BATRAZ0362,7,139,52125,BATH AND PERSONAL CARE,Razors and women's accessories,375,50,9.4
BATRAZ0363,7,184,27600,BATH AND PERSONAL CARE,Razors and women's accessories,150,25,5.1
BATRAZ0364,7,140,29400,BATH AND PERSONAL CARE,Razors and women's accessories,210,140,5.89
BATRAZ0365,7,157,21195,BATH AND PERSONAL CARE,Razors and women's accessories,135,45,9.35
BATAFT0366,7,201,70350,BATH AND PERSONAL CARE,Aftershave,350,35,5.89
BATAFT0367,7,247,54340,BATH AND PERSONAL CARE,Aftershave,220,20,3.17
BATAFT0368,7,226,40680,BATH AND PERSONAL CARE,Aftershave,180,135,6.9
BATBAN0369,7,45,23400,BATH AND PERSONAL CARE,Band-aids and pharmaceuticals,520,120,1.05
BATBAN0370,7,68,19040,BATH AND PERSONAL CARE,Band-aids and pharmaceuticals,280,70,1.71
BATBAN0371,7,68,24480,BATH AND PERSONAL CARE,Band-aids and pharmaceuticals,360,135,3.23
BATTRA0372,7,725,206625,BATH AND PERSONAL CARE,Trash bags,285,45,4.14
BATTRA0373,7,576,241920,BATH AND PERSONAL CARE,Trash bags,420,35,4.38
BATTRA0374,7,464,102080,BATH AND PERSONAL CARE,Trash bags,220,165,3.71
LAUHAN0375,8,1500,450000,LAUNDRY PRODUCTS,Hand wash,300,30,3.05
LAUHAN0376,8,500,110000,LAUNDRY PRODUCTS,Hand wash,220,165,2.11
LAULIQ0377,8,4000,1720000,LAUNDRY PRODUCTS,Liquid detergent,430,30,4.53
LAULIQ0378,8,4000,1600000,LAUNDRY PRODUCTS,Liquid detergent,400,20,7.63
LAULIQ0379,8,2000,480000,LAUNDRY PRODUCTS,Liquid detergent,240,30,7.53
LAULIQ0380,8,2000,800000,LAUNDRY PRODUCTS,Liquid detergent,400,50,8.48
LAULIQ0381,8,1000,400000,LAUNDRY PRODUCTS,Liquid detergent,400,75,6.67
LAULIQ0382,8,2000,780000,LAUNDRY PRODUCTS,Liquid detergent,390,30,6.17
LAULIQ0383,8,1000,360000,LAUNDRY PRODUCTS,Liquid detergent,360,60,4.2
LAUPOW0384,8,1000,300000,LAUNDRY PRODUCTS,Powder and sheet detergent,300,45,9.14
LAUPOW0385,8,500,165000,LAUNDRY PRODUCTS,Powder and sheet detergent,330,55,4.94
LAUPOW0386,8,2000,600000,LAUNDRY PRODUCTS,Powder and sheet detergent,300,60,7.87
LAUDES0387,8,500,180000,LAUNDRY PRODUCTS,Descalers,360,120,3.69
LAUDES0388,8,750,247500,LAUNDRY PRODUCTS,Descalers,330,30,5.61
LAUFAB0389,8,2000,880000,LAUNDRY PRODUCTS,Fabric softeners,440,40,6.6
LAUFAB0390,8,1000,280000,LAUNDRY PRODUCTS,Fabric softeners,280,80,6.02
LAUFAB0391,8,2000,850000,LAUNDRY PRODUCTS,Fabric softeners,425,75,7.81
LAUFAB0392,8,750,210000,LAUNDRY PRODUCTS,Fabric softeners,280,40,3.71
LAUFAB0393,8,2000,1200000,LAUNDRY PRODUCTS,Fabric softeners,600,45,4.62
LAUFAB0394,8,2000,900000,LAUNDRY PRODUCTS,Fabric softeners,450,30,6.17
LAULAU0395,8,500,90000,LAUNDRY PRODUCTS,Laundry scents,180,60,4.54
LAULAU0396,8,150,26250,LAUNDRY PRODUCTS,Laundry scents,175,25,3.26
LAULAU0397,8,150,21000,LAUNDRY PRODUCTS,Laundry scents,140,70,4.45
LAUBLE0398,8,3000,1080000,LAUNDRY PRODUCTS,Bleaches,360,20,2.15
LAUBLE0399,8,3000,540000,LAUNDRY PRODUCTS,Bleaches,180,20,2.98
LAUBLE0400,8,1000,160000,LAUNDRY PRODUCTS,Bleaches,160,120,2.36
LAUBLE0401,8,1000,330000,LAUNDRY PRODUCTS,Bleaches,330,90,2.59
LAUBLE0402,8,3000,540000,LAUNDRY PRODUCTS,Bleaches,180,20,3.87
LAUSTA0403,8,250,96250,LAUNDRY PRODUCTS,Stain removers,385,165,6.41
LAUSTA0404,8,750,292500,LAUNDRY PRODUCTS,Stain removers,390,30,6.53
LAUSTA0405,8,500,150000,LAUNDRY PRODUCTS,Stain removers,300,120,2.6
HOUBLE0406,9,2000,740000,HOUSE CLEANING PRODUCTS,Bleach,370,30,3.08
HOUBLE0407,9,2000,550000,HOUSE CLEANING PRODUCTS,Bleach,275,75,3.11
HOUBLE0408,9,2000,660000,HOUSE CLEANING PRODUCTS,Bleach,330,90,2.81
HOUDIS0409,9,500,112500,HOUSE CLEANING PRODUCTS,Dish detergents,225,90,2.45
HOUDIS0410,9,500,105000,HOUSE CLEANING PRODUCTS,Dish detergents,210,70,3.35
HOUDIS0411,9,250,155000,HOUSE CLEANING PRODUCTS,Dish detergents,620,60,2.46
HOUDIS0412,9,250,125000,HOUSE CLEANING PRODUCTS,Dish detergents,500,100,3.78
HOUDIS0413,9,250,130000,HOUSE CLEANING PRODUCTS,Dish detergents,520,120,1.54
HOUDIS0414,9,1000,400000,HOUSE CLEANING PRODUCTS,Dish detergents,400,120,4.65
HOUDIS0415,9,2000,800000,HOUSE CLEANING PRODUCTS,Dishwasher detergents,400,25,10.97
HOUDIS0416,9,500,150000,HOUSE CLEANING PRODUCTS,Dishwasher detergents,300,100,11.65
HOUDIS0417,9,1000,440000,HOUSE CLEANING PRODUCTS,Dishwasher detergents,440,40,14.14
HOUDIS0418,9,500,175000,HOUSE CLEANING PRODUCTS,Dishwasher detergents,350,25,8.83
HOUDIS0419,9,1000,425000,HOUSE CLEANING PRODUCTS,Dishwasher detergents,425,25,12.38
HOUDIS0420,9,500,160000,HOUSE CLEANING PRODUCTS,Dishwasher detergents,320,40,11.03
HOUDIS0421,9,2000,650000,HOUSE CLEANING PRODUCTS,Dishwasher detergents,325,25,7.89
HOUDIS0422,9,500,55000,HOUSE CLEANING PRODUCTS,Dishwasher salt,110,110,2.44
HOUIRO0423,9,750,150000,HOUSE CLEANING PRODUCTS,Ironing products,200,40,4.85
HOUBAT0424,9,750,213750,HOUSE CLEANING PRODUCTS,Bathroom cleaners,285,15,4.93
HOUBAT0425,9,750,315000,HOUSE CLEANING PRODUCTS,Bathroom cleaners,420,30,2.12
HOUBAT0426,9,1000,375000,HOUSE CLEANING PRODUCTS,Bathroom cleaners,375,50,4.38
HOUBAT0427,9,500,75000,HOUSE CLEANING PRODUCTS,Bathroom cleaners,150,25,3.99
HOUDRA0428,9,500,100000,HOUSE CLEANING PRODUCTS,Drain cleaners,200,40,6.85
HOUDRA0429,9,500,110000,HOUSE CLEANING PRODUCTS,Drain cleaners,220,40,3.38
HOUAIR0430,9,228,75240,HOUSE CLEANING PRODUCTS,Air fresheners,330,55,3.49
HOUAIR0431,9,141,29610,HOUSE CLEANING PRODUCTS,Air fresheners,210,60,3.38
HOUAIR0432,9,230,82800,HOUSE CLEANING PRODUCTS,Air fresheners,360,90,2.23
HOUAIR0433,9,201,48240,HOUSE CLEANING PRODUCTS,Air fresheners,240,60,3.77
HOUANT0434,9,500,150000,HOUSE CLEANING PRODUCTS,Anti-limescale,300,60,2.82
HOUANT0435,9,500,60000,HOUSE CLEANING PRODUCTS,Anti-limescale,120,120,5.27
HOUDET0436,9,1500,300000,HOUSE CLEANING PRODUCTS,Detergents and disinfectants,200,50,5.61
HOUDET0437,9,1000,400000,HOUSE CLEANING PRODUCTS,Detergents and disinfectants,400,50,7.79
HOUDET0438,9,1500,585000,HOUSE CLEANING PRODUCTS,Detergents and disinfectants,390,90,7.03
HOUDET0439,9,1000,480000,HOUSE CLEANING PRODUCTS,Detergents and disinfectants,480,45,6.19
HOUDET0440,9,1000,500000,HOUSE CLEANING PRODUCTS,Detergents and disinfectants,500,75,5.45
HOUGLA0441,9,1000,540000,HOUSE CLEANING PRODUCTS,Glass and furniture cleaners,540,60,2.15
HOUGLA0442,9,500,100000,HOUSE CLEANING PRODUCTS,Glass and furniture cleaners,200,50,2.13
HOUGLA0443,9,500,260000,HOUSE CLEANING PRODUCTS,Glass and furniture cleaners,520,40,2.54
HOUGLA0444,9,1000,240000,HOUSE CLEANING PRODUCTS,Glass and furniture cleaners,240,40,4.75
HOUGLA0445,9,500,180000,HOUSE CLEANING PRODUCTS,Glass and furniture cleaners,360,180,4.09
HOUINS0446,9,620,148800,HOUSE CLEANING PRODUCTS,Insecticides,240,60,6.7
HOUINS0447,9,564,146640,HOUSE CLEANING PRODUCTS,Insecticides,260,60,6.78
HOUINS0448,9,472,94400,HOUSE CLEANING PRODUCTS,Insecticides,200,150,6.45
HOUINS0449,9,732,366000,HOUSE CLEANING PRODUCTS,Insecticides,500,40,4.28
HOUINS0450,9,352,135520,HOUSE CLEANING PRODUCTS,Insecticides,385,110,3.15
HOUINS0451,9,732,256200,HOUSE CLEANING PRODUCTS,Insecticides,350,35,5.24
HOUGLO0452,9,147,41160,HOUSE CLEANING PRODUCTS,Gloves,280,140,3.71
HOUGLO0453,9,157,34540,HOUSE CLEANING PRODUCTS,Gloves,220,55,2.93
HOUGLO0454,9,53,9540,HOUSE CLEANING PRODUCTS,Gloves,180,60,3.48
HOUGLO0455,9,190,30400,HOUSE CLEANING PRODUCTS,Gloves,160,160,3.06
HOUSPO0456,9,219,93075,HOUSE CLEANING PRODUCTS,Sponges and cloths,425,75,4.51
HOUSPO0457,9,104,28600,HOUSE CLEANING PRODUCTS,Sponges and cloths,275,75,2.85
HOUSPO0458,9,207,77625,HOUSE CLEANING PRODUCTS,Sponges and cloths,375,75,1.0
HOUSPO0459,9,209,31350,HOUSE CLEANING PRODUCTS,Sponges and cloths,150,100,4.73
HOUSPO0460,9,95,26600,HOUSE CLEANING PRODUCTS,Sponges and cloths,280,20,2.4
HOUSPO0461,9,111,33300,HOUSE CLEANING PRODUCTS,Sponges and cloths,300,180,2.92
HOUSPO0462,9,65,39000,HOUSE CLEANING PRODUCTS,Sponges and cloths,600,120,4.49
BABDIA0463,10,765,183600,BABY PRODUCTS,Diapers,240,30,5.92
BABDIA0464,10,888,159840,BABY PRODUCTS,Diapers,180,15,12.32
BABDIA0465,10,502,60240,BABY PRODUCTS,Diapers,120,40,9.67
BABDIA0466,10,823,259245,BABY PRODUCTS,Diapers,315,70,12.16
BABDIA0467,10,931,223440,BABY PRODUCTS,Diapers,240,120,5.18
BABDIA0468,10,1084,205960,BABY PRODUCTS,Diapers,190,30,6.09
BABDIA0469,10,1867,298720,BABY PRODUCTS,Diapers,160,40,6.24
BABCOO0470,10,200,56000,BABY PRODUCTS,Cookies,280,120,3.49
BABCOO0471,10,400,80000,BABY PRODUCTS,Cookies,200,150,2.97
BABPAS0472,10,500,112500,BABY PRODUCTS,Pasta and creams,225,50,4.83
BABPAS0473,10,150,26250,BABY PRODUCTS,Pasta and creams,175,105,4.23
BABPAS0474,10,500,202500,BABY PRODUCTS,Pasta and creams,405,90,3.2
BABPAS0475,10,150,68250,BABY PRODUCTS,Pasta and creams,455,130,4.49
BABPAS0476,10,500,150000,BABY PRODUCTS,Pasta and creams,300,120,2.53
BABBAB0477,10,400,88000,BABY PRODUCTS,Baby formula,220,165,19.49
BABBAB0478,10,800,128000,BABY PRODUCTS,Baby formula,160,120,17.61
BABBAB0479,10,1000,345000,BABY PRODUCTS,Baby formula,345,30,10.6
BABBAB0480,10,1000,210000,BABY PRODUCTS,Baby formula,210,15,15.17
BABHOM0481,10,80,31200,BABY PRODUCTS,Homogenized foods,390,90,1.37
BABHOM0482,10,100,56000,BABY PRODUCTS,Homogenized foods,560,40,1.88
BABHOM0483,10,150,108000,BABY PRODUCTS,Homogenized foods,720,45,2.59
BABHOM0484,10,80,48000,BABY PRODUCTS,Homogenized foods,600,180,1.29
BABHOM0485,10,80,19200,BABY PRODUCTS,Homogenized foods,240,40,2.77
BABHOM0486,10,100,55000,BABY PRODUCTS,Homogenized foods,550,55,1.81
BABHOM0487,10,150,36000,BABY PRODUCTS,Homogenized foods,240,160,1.4
BABHOM0488,10,80,32000,BABY PRODUCTS,Homogenized foods,400,50,0.9
BABHOM0489,10,100,38500,BABY PRODUCTS,Homogenized foods,385,165,2.58
BABHOM0490,10,80,22400,BABY PRODUCTS,Homogenized foods,280,210,2.01
BABHOM0491,10,100,40500,BABY PRODUCTS,Homogenized foods,405,90,1.7
BABHOM0492,10,150,48750,BABY PRODUCTS,Homogenized foods,325,65,2.39
BABHOM0493,10,100,45000,BABY PRODUCTS,Homogenized foods,450,75,0.98
BABCAR0494,10,275,88000,BABY PRODUCTS,Care and hygiene,320,40,6.26
BABCAR0495,10,180,43200,BABY PRODUCTS,Care and hygiene,240,160,2.84
BABCAR0496,10,323,155040,BABY PRODUCTS,Care and hygiene,480,60,5.34
BABCAR0497,10,285,94050,BABY PRODUCTS,Care and hygiene,330,55,5.64
BABCAR0498,10,453,217440,BABY PRODUCTS,Care and hygiene,480,40,5.49
FRUAPP0499,11,105,17325,FRUITS AND VEGETABLES,Apples,165,30,2.28
FRUAPP0500,11,191,41256,FRUITS AND VEGETABLES,Apples,216,18,2.78
FRUPEA0501,11,147,13230,FRUITS AND VEGETABLES,Pears,90,18,3.06
FRUCHE0502,11,34,2380,FRUITS AND VEGETABLES,Cherries,70,35,9.65
FRUSTR0503,11,36,2880,FRUITS AND VEGETABLES,Strawberries,80,80,5.26
FRUAPR0504,11,62,4960,FRUITS AND VEGETABLES,Apricots,80,40,4.9
FRUPLU0505,11,60,3000,FRUITS AND VEGETABLES,Plums,50,50,3.65
FRUYEL0506,11,259,10878,FRUITS AND VEGETABLES,Yellow Peaches,42,42,3.34
FRUGRA0507,11,258,13932,FRUITS AND VEGETABLES,Grapes,54,27,3.0
FRUBAN0508,11,176,27104,FRUITS AND VEGETABLES,Bananas,154,42,1.76
FRUKIW0509,11,115,8280,FRUITS AND VEGETABLES,Kiwi,72,36,2.57
FRUPIN0510,11,1636,29448,FRUITS AND VEGETABLES,Pineapples,18,9,3.9
FRUAVO0511,11,287,11480,FRUITS AND VEGETABLES,Avocados,40,30,1.52
FRUWAT0512,11,3007,54126,FRUITS AND VEGETABLES,Watermelons,18,18,0.87
FRUMEL0513,11,2256,49632,FRUITS AND VEGETABLES,Melons,22,22,2.44
FRUBER0514,11,109,2616,FRUITS AND VEGETABLES,Berries,24,24,2.54
FRUPOT0515,11,1488,212784,FRUITS AND VEGETABLES,Potatoes,143,22,1.75
FRUONI0516,11,733,73300,FRUITS AND VEGETABLES,Onions,100,30,0.57
FRUSPR0517,11,66,3960,FRUITS AND VEGETABLES,Spring onions,60,60,1.77
FRUCAR0518,11,954,114480,FRUITS AND VEGETABLES,Carrots,120,10,0.9
FRURAD0519,11,99,2178,FRUITS AND VEGETABLES,Radishes,22,11,1.99
FRUGRE0520,11,476,20944,FRUITS AND VEGETABLES,Green beans,44,22,3.19
FRUTOM0521,11,106,16112,FRUITS AND VEGETABLES,Tomatoes,152,16,1.63
FRUTOM0522,11,233,11650,FRUITS AND VEGETABLES,Tomatoes,50,30,2.24
FRUCUC0523,11,207,3726,FRUITS AND VEGETABLES,Cucumbers,18,9,0.8
FRUPEP0524,11,375,12000,FRUITS AND VEGETABLES,Peppers,32,16,3.99
FRUEGG0525,11,348,8352,FRUITS AND VEGETABLES,Eggplants,24,24,2.18
FRUZUC0526,11,306,11016,FRUITS AND VEGETABLES,Zucchini,36,27,1.6
FRUFEN0527,11,424,12720,FRUITS AND VEGETABLES,Fennels,30,10,2.52
FRUCEL0528,11,276,8280,FRUITS AND VEGETABLES,Celery,30,15,2.3
FRUCAB0529,11,1488,35712,FRUITS AND VEGETABLES,Cabbages,24,12,2.42
FRUBRO0530,11,692,13840,FRUITS AND VEGETABLES,Broccoli,20,20,3.43
FRUPUM0531,11,2976,59520,FRUITS AND VEGETABLES,Pumpkins,20,10,1.33
FRUBEE0532,11,506,9108,FRUITS AND VEGETABLES,Beets and chicory,18,18,1.98
FRULET0533,11,362,17376,FRUITS AND VEGETABLES,Lettuce,48,8,1.05
FRURAD0534,11,479,10538,FRUITS AND VEGETABLES,Radicchio,22,22,2.05
FRUORA0535,11,126,22176,FRUITS AND VEGETABLES,Oranges,176,32,2.45
FRUMAN0536,11,66,17820,FRUITS AND VEGETABLES,Mandarins,270,30,1.64
FRUGRA0537,11,373,11190,FRUITS AND VEGETABLES,Grapefruits,30,30,1.53
FRUREA0538,11,448,10752,FRUITS AND VEGETABLES,Ready-to-eat raw vegetables,24,12,2.39
FRUREA0539,11,123,3690,FRUITS AND VEGETABLES,Ready-to-eat raw vegetables,30,30,4.76
FRUREA0540,11,145,4060,FRUITS AND VEGETABLES,Ready-to-eat raw vegetables,28,28,3.39
FRUREA0541,11,372,8184,FRUITS AND VEGETABLES,Ready-to-eat raw vegetables,22,22,3.82
FRUREA0542,11,327,10464,FRUITS AND VEGETABLES,Ready-to-eat raw vegetables,32,24,3.68
FRUREA0543,11,418,20064,FRUITS AND VEGETABLES,Ready-to-eat raw vegetables,48,12,3.95
FRUREA0544,11,316,6320,FRUITS AND VEGETABLES,Ready-to-eat cooked vegetables,20,20,4.57
FRUREA0545,11,263,7890,FRUITS AND VEGETABLES,Ready-to-eat cooked vegetables,30,30,4.09
FRUSOU0546,11,250,117000,FRUITS AND VEGETABLES,Soups and side dishes,468,27,2.22
FRUSOU0547,11,500,230000,FRUITS AND VEGETABLES,Soups and side dishes,460,30,4.92
FRUSOU0548,11,250,48750,FRUITS AND VEGETABLES,Soups and side dishes,195,13,4.27
FRUSOU0549,11,250,110500,FRUITS AND VEGETABLES,Soups and side dishes,442,39,2.12
FRUSOU0550,11,1000,168000,FRUITS AND VEGETABLES,Soups and side dishes,168,24,2.31
FRUSOU0551,11,250,68250,FRUITS AND VEGETABLES,Soups and side dishes,273,26,3.71
FRUGAR0552,11,135,3240,FRUITS AND VEGETABLES,Garlic and chilies,24,8,0.82
FRULEA0553,11,93,3348,FRUITS AND VEGETABLES,Leaf herbs,36,27,2.55
FRULEA0554,11,21,840,FRUITS AND VEGETABLES,Leaf herbs,40,20,2.07
FRULEA0555,11,96,3168,FRUITS AND VEGETABLES,Leaf herbs,33,33,1.17
LONCAN0556,12,400,190000,LONG-LIFE FRUIT,Canned fruit,475,75,2.49
LONCAN0557,12,400,150000,LONG-LIFE FRUIT,Canned fruit,375,25,2.92
LONFRU0558,12,250,75000,LONG-LIFE FRUIT,Fruit desserts,300,150,1.4
LONFRU0559,12,100,24000,LONG-LIFE FRUIT,Fruit desserts,240,160,2.9
LONFRU0560,12,250,105000,LONG-LIFE FRUIT,Fruit desserts,420,180,2.79
LONDRI0561,12,100,48000,LONG-LIFE FRUIT,Dried fruit,480,60,4.47
LONDRI0562,12,100,38500,LONG-LIFE FRUIT,Dried fruit,385,165,5.74
LONDRI0563,12,100,45500,LONG-LIFE FRUIT,Dried fruit,455,105,4.5
LONDRI0564,12,100,25000,LONG-LIFE FRUIT,Dried fruit,250,100,4.45
LONNUT0565,12,500,52500,LONG-LIFE FRUIT,Nuts,105,70,9.26
LONNUT0566,12,250,22500,LONG-LIFE FRUIT,Nuts,90,30,8.72
LONNUT0567,12,500,75000,LONG-LIFE FRUIT,Nuts,150,50,6.68
LONNUT0568,12,250,60000,LONG-LIFE FRUIT,Nuts,240,180,7.15
LONNUT0569,12,100,12000,LONG-LIFE FRUIT,Nuts,120,60,7.31
LONOTH0570,12,104,16640,LONG-LIFE FRUIT,Other snacks,160,80,2.41
LONOTH0571,12,185,111000,LONG-LIFE FRUIT,Other snacks,600,120,3.62
LONOTH0572,12,232,63800,LONG-LIFE FRUIT,Other snacks,275,25,1.13
LONOTH0573,12,247,122265,LONG-LIFE FRUIT,Other snacks,495,90,3.16
LONOTH0574,12,86,61920,LONG-LIFE FRUIT,Other snacks,720,120,3.99
LONOTH0575,12,108,56160,LONG-LIFE FRUIT,Other snacks,520,195,2.95
LONOTH0576,12,84,45360,LONG-LIFE FRUIT,Other snacks,540,90,1.66
LONDRI0577,12,1000,450000,LONG-LIFE FRUIT,Dried legumes,450,60,1.41
LONDRI0578,12,250,123750,LONG-LIFE FRUIT,Dried legumes,495,55,2.74
LONDRI0579,12,250,122500,LONG-LIFE FRUIT,Dried legumes,490,35,1.69
LONSEE0580,12,100,18000,LONG-LIFE FRUIT,Seeds,180,120,3.67
LONSEE0581,12,100,28000,LONG-LIFE FRUIT,Seeds,280,35,3.31
SWESNA0582,13,165,69300,SWEETS AND BREAKFAST,Snack cakes,420,35,2.99
SWESNA0583,13,361,324900,SWEETS AND BREAKFAST,Snack cakes,900,60,3.14
SWESNA0584,13,470,380700,SWEETS AND BREAKFAST,Snack cakes,810,60,2.21
SWESNA0585,13,336,120960,SWEETS AND BREAKFAST,Snack cakes,360,120,2.66
SWESNA0586,13,498,383460,SWEETS AND BREAKFAST,Snack cakes,770,55,2.09
SWESNA0587,13,199,119400,SWEETS AND BREAKFAST,Snack cakes,600,50,3.77
SWESNA0588,13,397,248125,SWEETS AND BREAKFAST,Snack cakes,625,50,2.09
SWESNA0589,13,474,149310,SWEETS AND BREAKFAST,Snack cakes,315,135,2.53
SWESNA0590,13,140,105000,SWEETS AND BREAKFAST,Snack cakes,750,75,2.12
SWESNA0591,13,480,475200,SWEETS AND BREAKFAST,Snack cakes,990,165,2.61
SWESNA0592,13,330,247500,SWEETS AND BREAKFAST,Snack cakes,750,50,2.4
SWESNA0593,13,330,237600,SWEETS AND BREAKFAST,Snack cakes,720,120,1.91
SWESNA0594,13,127,111760,SWEETS AND BREAKFAST,Snack cakes,880,80,2.15
SWESNA0595,13,360,336600,SWEETS AND BREAKFAST,Snack cakes,935,110,2.31
SWESNA0596,13,263,205140,SWEETS AND BREAKFAST,Snack cakes,780,60,3.92
SWEREA0597,13,879,87900,SWEETS AND BREAKFAST,Ready-made cakes,100,60,4.19
SWEREA0598,13,854,136640,SWEETS AND BREAKFAST,Ready-made cakes,160,40,5.36
SWEREA0599,13,610,54900,SWEETS AND BREAKFAST,Ready-made cakes,90,60,6.02
SWECOO0600,13,1000,885000,SWEETS AND BREAKFAST,Cookies,885,45,4.79
SWECOO0601,13,500,540000,SWEETS AND BREAKFAST,Cookies,1080,120,1.67
SWECOO0602,13,1000,875000,SWEETS AND BREAKFAST,Cookies,875,105,3.95
SWECOO0603,13,250,247500,SWEETS AND BREAKFAST,Cookies,990,110,4.13
SWECOO0604,13,1000,1050000,SWEETS AND BREAKFAST,Cookies,1050,60,4.47
SWECOO0605,13,1000,660000,SWEETS AND BREAKFAST,Cookies,660,40,1.45
SWECOO0606,13,500,260000,SWEETS AND BREAKFAST,Cookies,520,80,1.23
SWECOO0607,13,500,250000,SWEETS AND BREAKFAST,Cookies,500,100,1.16
SWECOO0608,13,1000,1155000,SWEETS AND BREAKFAST,Cookies,1155,70,2.81
SWECOO0609,13,1000,1125000,SWEETS AND BREAKFAST,Cookies,1125,60,2.26
SWECOO0610,13,1000,860000,SWEETS AND BREAKFAST,Cookies,860,60,1.17
SWECOO0611,13,250,187500,SWEETS AND BREAKFAST,Cookies,750,50,2.92
SWECOO0612,13,250,105000,SWEETS AND BREAKFAST,Cookies,420,120,3.56
SWECOO0613,13,1000,1025000,SWEETS AND BREAKFAST,Cookies,1025,75,2.82
SWECOO0614,13,500,517500,SWEETS AND BREAKFAST,Cookies,1035,90,2.37
SWECOO0615,13,1000,490000,SWEETS AND BREAKFAST,Cookies,490,105,1.12
SWECOO0616,13,500,250000,SWEETS AND BREAKFAST,Cookies,500,50,1.81
SWECOO0617,13,500,550000,SWEETS AND BREAKFAST,Cookies,1100,100,1.75
SWEIND0618,13,551,330600,SWEETS AND BREAKFAST,Industrial pastries,600,40,2.94
SWEIND0619,13,374,205700,SWEETS AND BREAKFAST,Industrial pastries,550,100,4.77
SWEIND0620,13,318,111300,SWEETS AND BREAKFAST,Industrial pastries,350,75,5.78
SWEIND0621,13,344,170280,SWEETS AND BREAKFAST,Industrial pastries,495,55,5.32
SWEIND0622,13,544,408000,SWEETS AND BREAKFAST,Industrial pastries,750,45,4.76
SWEIND0623,13,200,128000,SWEETS AND BREAKFAST,Industrial pastries,640,40,2.86
SWEIND0624,13,503,301800,SWEETS AND BREAKFAST,Industrial pastries,600,40,4.6
SWEIND0625,13,419,226260,SWEETS AND BREAKFAST,Industrial pastries,540,45,2.64
SWEIND0626,13,360,216000,SWEETS AND BREAKFAST,Industrial pastries,600,180,3.63
SWEIND0627,13,358,137830,SWEETS AND BREAKFAST,Industrial pastries,385,70,4.95
SWESNA0628,13,117,73710,SWEETS AND BREAKFAST,Snacks and bars,630,70,1.69
SWESNA0629,13,121,78650,SWEETS AND BREAKFAST,Snacks and bars,650,75,1.76
SWESNA0630,13,101,30300,SWEETS AND BREAKFAST,Snacks and bars,300,150,2.73
SWESNA0631,13,102,48960,SWEETS AND BREAKFAST,Snacks and bars,480,40,2.71
SWESNA0632,13,107,42800,SWEETS AND BREAKFAST,Snacks and bars,400,50,1.45
SWESNA0633,13,108,73440,SWEETS AND BREAKFAST,Snacks and bars,680,40,1.52
SWESNA0634,13,95,30400,SWEETS AND BREAKFAST,Snacks and bars,320,40,2.14
SWESNA0635,13,166,139440,SWEETS AND BREAKFAST,Snacks and bars,840,60,1.65
SWESNA0636,13,180,75600,SWEETS AND BREAKFAST,Snacks and bars,420,60,1.32
SWESNA0637,13,54,17550,SWEETS AND BREAKFAST,Snacks and bars,325,130,1.3
SWESNA0638,13,30,15600,SWEETS AND BREAKFAST,Snacks and bars,520,130,2.13
SWESWE0639,13,243,94770,SWEETS AND BREAKFAST,Sweeteners,390,90,3.85
SWESWE0640,13,134,33500,SWEETS AND BREAKFAST,Sweeteners,250,25,5.45
SWECAN0641,13,461,304260,SWEETS AND BREAKFAST,Candies,660,120,1.08
SWECAN0642,13,61,56120,SWEETS AND BREAKFAST,Candies,920,80,1.45
SWECAN0643,13,349,383900,SWEETS AND BREAKFAST,Candies,1100,100,2.43
SWECAN0644,13,375,435000,SWEETS AND BREAKFAST,Candies,1160,80,3.24
SWECAN0645,13,456,419520,SWEETS AND BREAKFAST,Candies,920,120,2.29
SWECAN0646,13,173,181650,SWEETS AND BREAKFAST,Candies,1050,105,3.86
SWECAN0647,13,252,299880,SWEETS AND BREAKFAST,Candies,1190,70,2.14
SWECAN0648,13,326,176040,SWEETS AND BREAKFAST,Candies,540,30,2.44
SWECAN0649,13,339,237300,SWEETS AND BREAKFAST,Candies,700,35,1.5
SWEFLA0650,13,136,28560,SWEETS AND BREAKFAST,Flavors and decorations,210,210,2.21
SWEFLA0651,13,54,24570,SWEETS AND BREAKFAST,Flavors and decorations,455,65,2.95
SWEFLA0652,13,21,8085,SWEETS AND BREAKFAST,Flavors and decorations,385,70,2.18
SWEFLA0653,13,109,38150,SWEETS AND BREAKFAST,Flavors and decorations,350,210,1.8
SWEFLA0654,13,26,10140,SWEETS AND BREAKFAST,Flavors and decorations,390,195,3.2
SWECOC0655,13,500,125000,SWEETS AND BREAKFAST,Cocoa powder,250,150,3.58
SWEPUD0656,13,200,39000,SWEETS AND BREAKFAST,Puddings,195,195,1.21
SWEPUD0657,13,50,19250,SWEETS AND BREAKFAST,Puddings,385,105,1.51
SWESPR0658,13,400,96000,SWEETS AND BREAKFAST,Spreads,240,40,6.13
SWESPR0659,13,200,84000,SWEETS AND BREAKFAST,Spreads,420,70,5.35
SWESPR0660,13,200,36000,SWEETS AND BREAKFAST,Spreads,180,90,5.21
SWESPR0661,13,200,36000,SWEETS AND BREAKFAST,Spreads,180,180,6.48
SWECHO0662,13,100,52000,SWEETS AND BREAKFAST,Chocolate bars,520,65,1.64
SWECHO0663,13,100,65000,SWEETS AND BREAKFAST,Chocolate bars,650,130,2.08
SWECHO0664,13,50,12000,SWEETS AND BREAKFAST,Chocolate bars,240,80,1.71
SWECHO0665,13,100,31500,SWEETS AND BREAKFAST,Chocolate bars,315,105,3.2
SWECHO0666,13,200,50000,SWEETS AND BREAKFAST,Chocolate bars,250,50,3.0
SWECHO0667,13,196,78400,SWEETS AND BREAKFAST,Chocolates,400,60,5.74
SWECHO0668,13,232,83520,SWEETS AND BREAKFAST,Chocolates,360,20,5.52
SWECHO0669,13,276,77280,SWEETS AND BREAKFAST,Chocolates,280,60,7.22
SWECHO0670,13,168,68040,SWEETS AND BREAKFAST,Chocolates,405,90,5.21
SWECHO0671,13,225,60750,SWEETS AND BREAKFAST,Chocolates,270,60,3.87
SWECHO0672,13,60,19200,SWEETS AND BREAKFAST,Chocolate eggs,320,160,2.31
SWECHO0673,13,51,15300,SWEETS AND BREAKFAST,Chocolate eggs,300,150,2.46
SWECER0674,13,250,123750,SWEETS AND BREAKFAST,Cereals,495,45,4.7
SWECER0675,13,250,100000,SWEETS AND BREAKFAST,Cereals,400,20,4.87
SWECER0676,13,1000,630000,SWEETS AND BREAKFAST,Cereals,630,60,5.97
SWECER0677,13,500,247500,SWEETS AND BREAKFAST,Cereals,495,90,2.42
SWECER0678,13,500,245000,SWEETS AND BREAKFAST,Cereals,490,35,5.62
SWECER0679,13,250,90000,SWEETS AND BREAKFAST,Cereals,360,90,5.58
SWERUS0680,13,150,21000,SWEETS AND BREAKFAST,Rusks,140,70,1.65
SWERUS0681,13,300,136500,SWEETS AND BREAKFAST,Rusks,455,70,1.71
SWERUS0682,13,150,30000,SWEETS AND BREAKFAST,Rusks,200,75,2.04
SWERUS0683,13,150,24000,SWEETS AND BREAKFAST,Rusks,160,40,1.14
SWERUS0684,13,300,81000,SWEETS AND BREAKFAST,Rusks,270,90,2.19
SWERUS0685,13,300,99000,SWEETS AND BREAKFAST,Rusks,330,90,1.46
SWEMIL0686,13,200,20000,SWEETS AND BREAKFAST,Milk modifiers and chocolate preparations,100,100,4.01
SWEMIL0687,13,200,72000,SWEETS AND BREAKFAST,Milk modifiers and chocolate preparations,360,60,3.09
SWEJAM0688,13,350,61250,SWEETS AND BREAKFAST,Jams,175,105,3.06
SWEJAM0689,13,350,61250,SWEETS AND BREAKFAST,Jams,175,35,3.47
SWEJAM0690,13,200,48000,SWEETS AND BREAKFAST,Jams,240,120,2.11
SWEJAM0691,13,500,120000,SWEETS AND BREAKFAST,Jams,240,60,3.38
SWEJAM0692,13,500,150000,SWEETS AND BREAKFAST,Jams,300,60,4.15
SWEJAM0693,13,500,225000,SWEETS AND BREAKFAST,Jams,450,150,4.75
SWEJAM0694,13,500,80000,SWEETS AND BREAKFAST,Jams,160,80,2.03
SWEJAM0695,13,200,48000,SWEETS AND BREAKFAST,Jams,240,40,4.45
SWEHON0696,13,500,112500,SWEETS AND BREAKFAST,Honey,225,25,6.12
SWEHON0697,13,500,70000,SWEETS AND BREAKFAST,Honey,140,60,6.78
FLOSUG0698,14,500,270000,FLOURS AND SUGAR,Sugar,540,45,2.65
FLOSUG0699,14,1000,640000,FLOURS AND SUGAR,Sugar,640,40,2.42
FLOFLO0700,14,500,300000,FLOURS AND SUGAR,Flour,600,50,1.19
FLOFLO0701,14,500,300000,FLOURS AND SUGAR,Flour,600,120,0.95
FLOFLO0702,14,500,390000,FLOURS AND SUGAR,Flour,780,90,1.67
FLOFLO0703,14,1000,1200000,FLOURS AND SUGAR,Flour,1200,60,1.56
FLOFLO0704,14,1000,1200000,FLOURS AND SUGAR,Flour,1200,75,1.68
FLOFLO0705,14,1000,720000,FLOURS AND SUGAR,Flour,720,120,1.64
FLOFLO0706,14,500,480000,FLOURS AND SUGAR,Flour,960,60,1.46
FLOCOR0707,14,1000,665000,FLOURS AND SUGAR,Corn flour and polenta,665,35,2.08
FLOCOR0708,14,500,382500,FLOURS AND SUGAR,Corn flour and polenta,765,135,2.35
FLOCOR0709,14,500,227500,FLOURS AND SUGAR,Corn flour and polenta,455,35,2.58
FLOYEA0710,14,23,11960,FLOURS AND SUGAR,Yeast,520,80,0.62
FLOYEA0711,14,44,17600,FLOURS AND SUGAR,Yeast,400,50,0.76
FLOYEA0712,14,44,23100,FLOURS AND SUGAR,Yeast,525,35,1.02
FLOYEA0713,14,27,14580,FLOURS AND SUGAR,Yeast,540,60,1.46
FLOSAL0714,14,500,112500,FLOURS AND SUGAR,Salt,225,90,0.7
FLOSAL0715,14,250,105000,FLOURS AND SUGAR,Salt,420,40,1.88
FLOSAL0716,14,500,280000,FLOURS AND SUGAR,Salt,560,35,1.85
PASRIC0717,15,500,180000,PASTA AND RICE,Rice,360,45,4.83
PASRIC0718,15,500,300000,PASTA AND RICE,Rice,600,50,3.83
PASRIC0719,15,1000,360000,PASTA AND RICE,Rice,360,30,3.17
PASRIC0720,15,500,367500,PASTA AND RICE,Rice,735,105,2.31
PASRIC0721,15,1000,400000,PASTA AND RICE,Rice,400,120,2.47
PASRIC0722,15,1000,560000,PASTA AND RICE,Rice,560,40,2.26
PASRIC0723,15,1000,225000,PASTA AND RICE,Rice,225,25,3.78
PASSPE0724,15,250,142500,PASTA AND RICE,Spelt and whole wheat pasta,570,90,1.31
PASSPE0725,15,500,225000,PASTA AND RICE,Spelt and whole wheat pasta,450,75,2.03
PASSPE0726,15,500,302500,PASTA AND RICE,Spelt and whole wheat pasta,605,55,2.99
PASSPE0727,15,250,75000,PASTA AND RICE,Spelt and whole wheat pasta,300,60,2.97
PASCER0728,15,250,105000,PASTA AND RICE,Cereals and others,420,60,1.86
PASCER0729,15,500,175000,PASTA AND RICE,Cereals and others,350,150,2.16
PASCER0730,15,250,50000,PASTA AND RICE,Cereals and others,200,150,2.77
PASPAS0731,15,1000,510000,PASTA AND RICE,Pasta,510,30,2.18
PASPAS0732,15,1000,900000,PASTA AND RICE,Pasta,900,60,1.1
PASPAS0733,15,1000,460000,PASTA AND RICE,Pasta,460,60,2.24
PASPAS0734,15,500,150000,PASTA AND RICE,Pasta,300,30,2.15
PASPAS0735,15,500,247500,PASTA AND RICE,Pasta,495,135,1.69
PASPAS0736,15,1000,980000,PASTA AND RICE,Pasta,980,70,1.1
PASPAS0737,15,1000,580000,PASTA AND RICE,Pasta,580,40,2.44
PASPAS0738,15,1000,440000,PASTA AND RICE,Pasta,440,80,1.62
PASPAS0739,15,1000,640000,PASTA AND RICE,Pasta,640,40,1.24
PASPAS0740,15,500,150000,PASTA AND RICE,Pasta,300,50,1.03
PASPAS0741,15,500,400000,PASTA AND RICE,Pasta,800,80,1.17
PASPAS0742,15,1000,840000,PASTA AND RICE,Pasta,840,70,1.21
PASPAS0743,15,500,157500,PASTA AND RICE,Pasta,315,70,2.16
PASPAS0744,15,500,240000,PASTA AND RICE,Pasta,480,80,0.99
PASPAS0745,15,1000,1015000,PASTA AND RICE,Pasta,1015,105,1.25
PASEGG0746,15,500,150000,PASTA AND RICE,Egg pasta,300,50,1.82
PASEGG0747,15,500,312500,PASTA AND RICE,Egg pasta,625,50,2.11
PASEGG0748,15,500,105000,PASTA AND RICE,Egg pasta,210,105,3.53
PASEGG0749,15,250,130000,PASTA AND RICE,Egg pasta,520,80,2.65
PASEGG0750,15,500,150000,PASTA AND RICE,Egg pasta,300,180,3.73
PASEGG0751,15,500,210000,PASTA AND RICE,Egg pasta,420,180,3.47
PASEGG0752,15,250,115000,PASTA AND RICE,Egg pasta,460,40,3.22
PASEGG0753,15,500,220000,PASTA AND RICE,Egg pasta,440,55,3.83
PASSOU0754,15,150,45000,PASTA AND RICE,Soup and risotto mixes,300,150,3.98
PASSOU0755,15,250,67500,PASTA AND RICE,Soup and risotto mixes,270,90,2.66
PASSOU0756,15,150,78750,PASTA AND RICE,Soup and risotto mixes,525,150,3.34
PASSOU0757,15,500,360000,PASTA AND RICE,Soup and risotto mixes,720,60,3.06
PASSOU0758,15,150,75000,PASTA AND RICE,Soup and risotto mixes,500,40,3.71
PASSOU0759,15,500,110000,PASTA AND RICE,Soup and risotto mixes,220,55,3.54
PASSOU0760,15,150,105000,PASTA AND RICE,Soup and risotto mixes,700,40,3.74
PASSTO0761,15,158,137460,PASTA AND RICE,Stock cubes and broths,870,90,2.6
PASSTO0762,15,201,161805,PASTA AND RICE,Stock cubes and broths,805,105,1.07
PASSTO0763,15,70,56350,PASTA AND RICE,Stock cubes and broths,805,70,1.78
PASSTO0764,15,188,169200,PASTA AND RICE,Stock cubes and broths,900,60,2.94
PASSTO0765,15,184,121440,PASTA AND RICE,Stock cubes and broths,660,60,2.57
GLUPAS0766,16,250,70000,GLUTEN FREE,Pasta,280,80,3.24
GLUPAS0767,16,500,110000,GLUTEN FREE,Pasta,220,55,4.49
GLUPAS0768,16,500,130000,GLUTEN FREE,Pasta,260,60,3.27
GLUPAS0769,16,250,55000,GLUTEN FREE,Pasta,220,165,4.35
GLUBAK0770,16,100,30000,GLUTEN FREE,Baked goods,300,50,5.92
GLUCOO0771,16,500,70000,GLUTEN FREE,Cookies,140,35,2.36
GLUCOO0772,16,250,75000,GLUTEN FREE,Cookies,300,180,2.21
GLUCOO0773,16,250,81250,GLUTEN FREE,Cookies,325,50,3.43
GLURIC0774,16,100,15000,GLUTEN FREE,Rice cakes,150,75,2.6
GLUSAV0775,16,140,18900,GLUTEN FREE,Savory snacks,135,45,3.95
GLUSAV0776,16,62,13950,GLUTEN FREE,Savory snacks,225,75,2.96
GLUSWE0777,16,60,16800,GLUTEN FREE,Sweet snacks,280,40,2.13
GLUSWE0778,16,217,91140,GLUTEN FREE,Sweet snacks,420,180,3.8
GLUSWE0779,16,202,72720,GLUTEN FREE,Sweet snacks,360,120,3.13
GLUSWE0780,16,163,57050,GLUTEN FREE,Sweet snacks,350,70,4.83
BREBRE0781,17,100,24000,BREAD AND BREADSTICKS,Breadsticks,240,60,2.35
BREBRE0782,17,200,88000,BREAD AND BREADSTICKS,Breadsticks,440,80,1.03
BREBRE0783,17,400,120000,BREAD AND BREADSTICKS,Breadsticks,300,100,2.34
BREBRE0784,17,400,288000,BREAD AND BREADSTICKS,Breadsticks,720,120,2.69
BREBRE0785,17,400,80000,BREAD AND BREADSTICKS,Breadsticks,200,40,1.5
BREFLA0786,17,250,41250,BREAD AND BREADSTICKS,Flatbreads,165,110,3.6
BREFLA0787,17,250,56250,BREAD AND BREADSTICKS,Flatbreads,225,135,3.44
BRERIC0788,17,100,18000,BREAD AND BREADSTICKS,Rice cakes,180,90,2.97
BRERIC0789,17,50,8750,BREAD AND BREADSTICKS,Rice cakes,175,25,2.46
BRERIC0790,17,50,12250,BREAD AND BREADSTICKS,Rice cakes,245,105,2.37
BRERIC0791,17,200,60000,BREAD AND BREADSTICKS,Rice cakes,300,90,2.93
BRERIC0792,17,200,48000,BREAD AND BREADSTICKS,Rice cakes,240,80,2.68
BREPAC0793,17,527,221340,BREAD AND BREADSTICKS,Packaged bread,420,35,2.63
BREPAC0794,17,602,288960,BREAD AND BREADSTICKS,Packaged bread,480,40,2.53
BREPAC0795,17,268,80400,BREAD AND BREADSTICKS,Packaged bread,300,100,1.45
BREPAC0796,17,357,171360,BREAD AND BREADSTICKS,Packaged bread,480,80,2.91
BREPAC0797,17,360,118800,BREAD AND BREADSTICKS,Packaged bread,330,110,1.48
BREPAC0798,17,378,90720,BREAD AND BREADSTICKS,Packaged bread,240,90,3.23
BREPAC0799,17,698,122150,BREAD AND BREADSTICKS,Packaged bread,175,75,1.83
BREPAC0800,17,473,94600,BREAD AND BREADSTICKS,Packaged bread,200,25,3.64
BRELON0801,17,600,168000,BREAD AND BREADSTICKS,Long-life flatbreads,280,70,2.28
BRELON0802,17,300,60000,BREAD AND BREADSTICKS,Long-life flatbreads,200,75,3.04
BREBRE0803,17,250,75000,BREAD AND BREADSTICKS,Breadcrumbs,300,180,1.44
BREPIZ0804,17,500,135000,BREAD AND BREADSTICKS,Pizza and bread mixes,270,45,2.81
BREPIZ0805,17,500,120000,BREAD AND BREADSTICKS,Pizza and bread mixes,240,180,3.36
BRECRA0806,17,200,63000,BREAD AND BREADSTICKS,Crackers,315,105,2.52
BRECRA0807,17,400,300000,BREAD AND BREADSTICKS,Crackers,750,100,2.51
BRECRA0808,17,200,104000,BREAD AND BREADSTICKS,Crackers,520,120,2.75
BRECRA0809,17,200,64000,BREAD AND BREADSTICKS,Crackers,320,160,1.74
BRETAR0810,17,250,75000,BREAD AND BREADSTICKS,Taralli,300,90,3.72
BRETAR0811,17,250,40000,BREAD AND BREADSTICKS,Taralli,160,40,2.48
BRETAR0812,17,250,90000,BREAD AND BREADSTICKS,Taralli,360,80,3.24
HOTGRO0813,18,250,90000,HOT BEVERAGES,Ground coffee,360,36,4.48
HOTGRO0814,18,100,34200,HOT BEVERAGES,Ground coffee,342,18,3.55
HOTGRO0815,18,500,294000,HOT BEVERAGES,Ground coffee,588,42,5.5
HOTGRO0816,18,250,115500,HOT BEVERAGES,Ground coffee,462,42,4.89
HOTGRO0817,18,250,153000,HOT BEVERAGES,Ground coffee,612,72,4.25
HOTDEC0818,18,250,114000,HOT BEVERAGES,Decaf ground coffee,456,24,5.22
HOTCOF0819,18,131,37728,HOT BEVERAGES,Coffee pods and capsules,288,72,7.22
HOTCOF0820,18,109,45780,HOT BEVERAGES,Coffee pods and capsules,420,120,5.25
HOTCOF0821,18,159,86814,HOT BEVERAGES,Coffee pods and capsules,546,42,4.04
HOTCOF0822,18,125,36000,HOT BEVERAGES,Coffee pods and capsules,288,48,8.49
HOTCOF0823,18,166,84660,HOT BEVERAGES,Coffee pods and capsules,510,90,8.52
HOTCOF0824,18,143,42900,HOT BEVERAGES,Coffee pods and capsules,300,180,5.3
HOTCOF0825,18,195,112320,HOT BEVERAGES,Coffee pods and capsules,576,36,5.6
HOTCOF0826,18,1000,300000,HOT BEVERAGES,Coffee beans,300,180,7.01
HOTCOF0827,18,1000,144000,HOT BEVERAGES,Coffee beans,144,96,6.67
HOTINS0828,18,50,9600,HOT BEVERAGES,Instant coffee,192,48,3.28
HOTINS0829,18,250,72000,HOT BEVERAGES,Instant coffee,288,96,3.03
HOTINS0830,18,250,120000,HOT BEVERAGES,Instant coffee,480,30,6.28
HOTINS0831,18,250,73500,HOT BEVERAGES,Instant coffee,294,126,5.07
HOTBAR0832,18,100,38400,HOT BEVERAGES,Barley coffee,384,48,3.7
HOTBAR0833,18,250,22500,HOT BEVERAGES,Barley coffee,90,90,2.5
HOTTEA0834,18,132,57024,HOT BEVERAGES,Tea bags,432,96,3.55
HOTTEA0835,18,100,48000,HOT BEVERAGES,Tea bags,480,90,4.75
HOTTEA0836,18,54,16200,HOT BEVERAGES,Tea bags,300,60,3.0
HOTTEA0837,18,88,33264,HOT BEVERAGES,Tea bags,378,84,4.45
HOTTEA0838,18,68,39984,HOT BEVERAGES,Tea bags,588,42,3.02
HOTDEC0839,18,84,32256,HOT BEVERAGES,Decaf tea bags,384,144,3.58
HOTDEC0840,18,53,18126,HOT BEVERAGES,Decaf tea bags,342,54,3.24
HOTINS0841,18,50,4500,HOT BEVERAGES,Instant chamomile,90,54,1.51
HOTCHA0842,18,73,31536,HOT BEVERAGES,Chamomile tea bags,432,108,1.45
HOTCHA0843,18,79,42660,HOT BEVERAGES,Chamomile tea bags,540,36,1.8
HOTOTH0844,18,55,19800,HOT BEVERAGES,Other infusions,360,36,1.54
HOTOTH0845,18,125,36000,HOT BEVERAGES,Other infusions,288,108,2.35
HOTOTH0846,18,33,4752,HOT BEVERAGES,Other infusions,144,96,2.25
HOTOTH0847,18,125,60000,HOT BEVERAGES,Other infusions,480,48,4.03
HOTOTH0848,18,63,18144,HOT BEVERAGES,Other infusions,288,108,1.97
HOTOTH0849,18,126,51408,HOT BEVERAGES,Other infusions,408,72,1.69
SAUMAY0850,19,500,87500,SAUCES,Mayonnaise,175,105,1.85
SAUMAY0851,19,250,62500,SAUCES,Mayonnaise,250,150,2.53
SAUMAY0852,19,250,68750,SAUCES,Mayonnaise,275,75,3.75
SAUMAY0853,19,500,150000,SAUCES,Mayonnaise,300,100,3.91
SAUKET0854,19,250,41250,SAUCES,Ketchup,165,110,1.1
SAUKET0855,19,500,80000,SAUCES,Ketchup,160,120,2.46
SAUMUS0856,19,250,75000,SAUCES,Mustard,300,150,1.29
SAUMUS0857,19,250,75000,SAUCES,Mustard,300,20,1.38
SAUSAV0858,19,400,64000,SAUCES,Savory spreads,160,40,2.93
SAUSAV0859,19,100,16000,SAUCES,Savory spreads,160,40,2.55
SAUSAV0860,19,200,39000,SAUCES,Savory spreads,195,130,4.16
SAUOTH0861,19,150,67500,SAUCES,Other sauces,450,150,4.48
SAUOTH0862,19,150,60000,SAUCES,Other sauces,400,240,3.33
SAUOTH0863,19,150,29250,SAUCES,Other sauces,195,195,4.51
SAUOTH0864,19,500,247500,SAUCES,Other sauces,495,45,1.74
SAUOTH0865,19,150,33750,SAUCES,Other sauces,225,90,3.4
PASREA0866,20,400,88000,PASTA SAUCES,Ready-made sauces,220,20,3.1
PASREA0867,20,400,100000,PASTA SAUCES,Ready-made sauces,250,50,2.08
PASREA0868,20,400,230000,PASTA SAUCES,Ready-made sauces,575,50,4.47
PASREA0869,20,400,156000,PASTA SAUCES,Ready-made sauces,390,60,3.12
PASREA0870,20,200,75000,PASTA SAUCES,Ready-made sauces,375,75,4.12
PASREA0871,20,750,247500,PASTA SAUCES,Ready-made sauces,330,30,3.29
PASREA0872,20,750,412500,PASTA SAUCES,Ready-made sauces,550,75,3.11
PASREA0873,20,750,393750,PASTA SAUCES,Ready-made sauces,525,35,3.24
PASREA0874,20,400,238000,PASTA SAUCES,Ready-made sauces,595,70,2.66
PASTOM0875,20,700,465500,PASTA SAUCES,Tomato puree,665,35,0.83
PASTOM0876,20,1000,540000,PASTA SAUCES,Tomato puree,540,60,2.3
PASTOM0877,20,700,325500,PASTA SAUCES,Tomato puree,465,45,1.21
PASTOM0878,20,700,357000,PASTA SAUCES,Tomato puree,510,45,2.08
PASTOM0879,20,1000,480000,PASTA SAUCES,Tomato puree,480,80,1.74
PASTOM0880,20,500,120000,PASTA SAUCES,Tomato pulp,240,20,1.89
PASTOM0881,20,400,144000,PASTA SAUCES,Tomato pulp,360,135,1.4
PASTOM0882,20,500,300000,PASTA SAUCES,Tomato pulp,600,180,1.59
PASTOM0883,20,500,120000,PASTA SAUCES,Tomato pulp,240,90,1.26
SPISPI0884,21,14,5390,SPICES,Spices,385,55,4.86
SPISPI0885,21,21,8085,SPICES,Spices,385,165,3.09
SPISPI0886,21,37,17760,SPICES,Spices,480,120,4.03
SPIHER0887,21,30,14400,SPICES,Herbs,480,180,1.94
SPIHER0888,21,24,5280,SPICES,Herbs,220,110,3.75
SPIHER0889,21,27,11340,SPICES,Herbs,420,70,1.47
SPIHER0890,21,15,3000,SPICES,Herbs,200,50,3.38
SPIFLA0891,21,129,34830,SPICES,Flavorings,270,90,2.71
SPIFLA0892,21,76,25080,SPICES,Flavorings,330,110,1.55
SPIFLA0893,21,178,19580,SPICES,Flavorings,110,110,1.07
VINWHI0894,22,500,195000,VINEGAR AND OIL,White vinegar,390,60,2.1
VINWHI0895,22,500,96000,VINEGAR AND OIL,White vinegar,192,48,1.66
VINBAL0896,22,500,153000,VINEGAR AND OIL,Balsamic vinegar,306,36,2.67
VINBAL0897,22,750,108000,VINEGAR AND OIL,Balsamic vinegar,144,36,6.04
VINVIN0898,22,750,126000,VINEGAR AND OIL,Vinegar-condiments,168,42,3.2
VINVIN0899,22,250,36000,VINEGAR AND OIL,Vinegar-condiments,144,48,4.04
VINOLI0900,22,2000,144000,VINEGAR AND OIL,Olive oil,72,24,19.96
VINOLI0901,22,1000,120000,VINEGAR AND OIL,Olive oil,120,30,14.84
VINOLI0902,22,500,45000,VINEGAR AND OIL,Olive oil,90,18,13.4
VINOLI0903,22,2000,288000,VINEGAR AND OIL,Olive oil,144,24,15.79
VINOLI0904,22,750,94500,VINEGAR AND OIL,Olive oil,126,42,6.19
VINOLI0905,22,1000,84000,VINEGAR AND OIL,Olive oil,84,42,7.81
VINOLI0906,22,500,72000,VINEGAR AND OIL,Olive oil,144,48,17.29
VINCOR0907,22,1000,252000,VINEGAR AND OIL,Corn oil,252,36,4.13
VINPEA0908,22,500,90000,VINEGAR AND OIL,Peanut oil,180,60,4.15
VINSOY0909,22,500,48000,VINEGAR AND OIL,Soybean oil,96,24,3.07
VINSUN0910,22,1000,216000,VINEGAR AND OIL,Sunflower oil,216,108,3.57
VINFRY0911,22,1000,168000,VINEGAR AND OIL,Frying oil,168,84,3.11
SAVCHI0912,23,205,98400,SAVORY SNACKS,Chips and similar,480,40,3.48
SAVCHI0913,23,262,176850,SAVORY SNACKS,Chips and similar,675,50,2.26
SAVCHI0914,23,90,47250,SAVORY SNACKS,Chips and similar,525,75,3.22
SAVCHI0915,23,107,21400,SAVORY SNACKS,Chips and similar,200,50,2.84
SAVCHI0916,23,225,153000,SAVORY SNACKS,Chips and similar,680,60,2.73
SAVCHI0917,23,118,57820,SAVORY SNACKS,Chips and similar,490,210,3.42
SAVCHI0918,23,212,159000,SAVORY SNACKS,Chips and similar,750,75,1.09
SAVCHI0919,23,115,37950,SAVORY SNACKS,Chips and similar,330,165,1.94
SAVCHI0920,23,205,55350,SAVORY SNACKS,Chips and similar,270,45,3.05
SAVCHI0921,23,250,140000,SAVORY SNACKS,Chips and similar,560,40,2.97
SAVPOP0922,23,500,210000,SAVORY SNACKS,Popcorn,420,90,1.56
SAVPOP0923,23,250,56250,SAVORY SNACKS,Popcorn,225,45,2.03
SAVTOA0924,23,192,40320,SAVORY SNACKS,Toasted snacks,210,60,2.03
SAVTOA0925,23,106,14840,SAVORY SNACKS,Toasted snacks,140,35,2.26
SAVTOA0926,23,191,53480,SAVORY SNACKS,Toasted snacks,280,20,3.76
PETWET0927,24,100,30000,PET PRODUCTS,Wet cat food,300,75,1.71
PETWET0928,24,50,18000,PET PRODUCTS,Wet cat food,360,60,1.85
PETWET0929,24,50,10500,PET PRODUCTS,Wet cat food,210,210,1.81
PETWET0930,24,100,65000,PET PRODUCTS,Wet cat food,650,50,0.75
PETWET0931,24,200,42000,PET PRODUCTS,Wet cat food,210,105,1.07
PETWET0932,24,50,12000,PET PRODUCTS,Wet cat food,240,30,1.32
PETWET0933,24,100,70000,PET PRODUCTS,Wet cat food,700,70,1.97
PETWET0934,24,200,110000,PET PRODUCTS,Wet cat food,550,165,0.53
PETWET0935,24,200,45000,PET PRODUCTS,Wet cat food,225,45,0.54
PETDRY0936,24,1000,285000,PET PRODUCTS,Dry cat food,285,45,3.02
PETDRY0937,24,1000,250000,PET PRODUCTS,Dry cat food,250,75,9.78
PETDRY0938,24,500,210000,PET PRODUCTS,Dry cat food,420,70,7.59
PETDRY0939,24,250,75000,PET PRODUCTS,Dry cat food,300,60,9.7
PETDRY0940,24,1000,300000,PET PRODUCTS,Dry cat food,300,45,7.03
PETCAT0941,24,38,10450,PET PRODUCTS,Cat snacks,275,55,2.75
PETCAT0942,24,80,11200,PET PRODUCTS,Cat snacks,140,40,1.14
PETCAT0943,24,49,24500,PET PRODUCTS,Cat snacks,500,60,1.09
PETWET0944,24,500,160000,PET PRODUCTS,Wet dog food,320,80,1.57
PETWET0945,24,400,240000,PET PRODUCTS,Wet dog food,600,120,1.45
PETWET0946,24,500,192500,PET PRODUCTS,Wet dog food,385,165,1.13
PETWET0947,24,200,99000,PET PRODUCTS,Wet dog food,495,45,2.34
PETWET0948,24,100,45000,PET PRODUCTS,Wet dog food,450,50,2.98
PETWET0949,24,500,240000,PET PRODUCTS,Wet dog food,480,60,1.48
PETWET0950,24,500,255000,PET PRODUCTS,Wet dog food,510,30,1.07
PETDRY0951,24,2000,540000,PET PRODUCTS,Dry dog food,270,30,14.95
PETDRY0952,24,500,160000,PET PRODUCTS,Dry dog food,320,120,9.26
PETDRY0953,24,5000,1125000,PET PRODUCTS,Dry dog food,225,45,12.98
PETDRY0954,24,5000,1325000,PET PRODUCTS,Dry dog food,265,15,4.38
PETDRY0955,24,500,70000,PET PRODUCTS,Dry dog food,140,35,13.92
PETDOG0956,24,134,14740,PET PRODUCTS,Dog hygiene and care,110,55,7.15
PETDOG0957,24,164,24600,PET PRODUCTS,Dog hygiene and care,150,50,3.13
PETCAT0958,24,5000,1150000,PET PRODUCTS,Cat litter,230,20,2.87
PETCAT0959,24,2000,480000,PET PRODUCTS,Cat litter,240,30,5.98
CANPEE0960,25,500,90000,CANNED GOODS,Peeled tomatoes,180,90,1.87
CANPEE0961,25,200,56000,CANNED GOODS,Peeled tomatoes,280,70,1.56
CANPEA0962,25,200,63000,CANNED GOODS,Peas,315,35,2.05
CANPEA0963,25,400,224000,CANNED GOODS,Peas,560,70,1.77
CANBEA0964,25,400,180000,CANNED GOODS,Beans,450,60,1.74
CANBEA0965,25,400,154000,CANNED GOODS,Beans,385,55,1.12
CANBEA0966,25,400,216000,CANNED GOODS,Beans,540,180,1.37
CANCOR0967,25,150,81000,CANNED GOODS,Corn,540,135,1.4
CANCOR0968,25,300,105000,CANNED GOODS,Corn,350,50,2.34
CANOTH0969,25,200,72000,CANNED GOODS,Other legumes and vegetables,360,135,1.08
CANOTH0970,25,400,132000,CANNED GOODS,Other legumes and vegetables,330,90,2.81
CANOTH0971,25,400,192000,CANNED GOODS,Other legumes and vegetables,480,40,2.94
CANOTH0972,25,500,210000,CANNED GOODS,Other legumes and vegetables,420,60,1.39
CANVEG0973,25,150,75000,CANNED GOODS,Vegetables in oil,500,60,3.9
CANVEG0974,25,150,69000,CANNED GOODS,Vegetables in oil,460,60,4.15
CANVEG0975,25,250,41250,CANNED GOODS,Vegetables in oil,165,110,2.2
CANVEG0976,25,500,250000,CANNED GOODS,Vegetables in oil,500,40,5.38
CANVEG0977,25,250,110000,CANNED GOODS,Vegetables in oil,440,120,3.85
CANVEG0978,25,150,48750,CANNED GOODS,Vegetables in oil,325,65,2.87
CANVEG0979,25,500,240000,CANNED GOODS,Vegetables in oil,480,120,2.18
CANVEG0980,25,200,96000,CANNED GOODS,Vegetables in vinegar,480,60,3.54
CANVEG0981,25,200,72000,CANNED GOODS,Vegetables in vinegar,360,120,3.55
CANSWE0982,25,500,200000,CANNED GOODS,Sweet and sour vegetables,400,100,3.7
CANSWE0983,25,200,56000,CANNED GOODS,Sweet and sour vegetables,280,70,1.57
CANOLI0984,25,200,48000,CANNED GOODS,Olives,240,240,4.97
CANOLI0985,25,400,152000,CANNED GOODS,Olives,380,40,2.46
CANOLI0986,25,400,66000,CANNED GOODS,Olives,165,110,2.94
CANOLI0987,25,100,45000,CANNED GOODS,Olives,450,225,4.0
CANOLI0988,25,100,64000,CANNED GOODS,Olives,640,80,2.58
CANCON0989,25,500,100000,CANNED GOODS,Condiriso,200,40,3.89
CANCON0990,25,500,75000,CANNED GOODS,Condiriso,150,150,3.66
CANCAP0991,25,100,25000,CANNED GOODS,Capers,250,150,1.52
CANCAP0992,25,50,18750,CANNED GOODS,Capers,375,50,2.21
CANDRI0993,25,50,16000,CANNED GOODS,Dried mushrooms,320,40,2.46
CANCAN0994,25,250,110000,CANNED GOODS,Canned meat,440,120,3.16
CANCAN0995,25,250,96250,CANNED GOODS,Canned meat,385,110,2.99
CANTUN0996,25,200,60000,CANNED GOODS,Tuna in oil,300,75,2.8
CANTUN0997,25,120,64800,CANNED GOODS,Tuna in oil,540,120,1.64
CANTUN0998,25,160,38400,CANNED GOODS,Tuna in oil,240,240,1.83
CANTUN0999,25,80,16800,CANNED GOODS,Tuna in oil,210,90,2.29
CANTUN1000,25,160,40000,CANNED GOODS,Tuna in oil,250,25,2.2
CANTUN1001,25,160,67200,CANNED GOODS,Tuna in oil,420,120,2.83
CANTUN1002,25,160,106400,CANNED GOODS,Tuna in oil,665,35,2.75
CANTUN1003,25,120,57000,CANNED GOODS,Tuna in oil,475,50,1.24
CANTUN1004,25,80,17600,CANNED GOODS,Tuna in water,220,165,1.1
CANTUN1005,25,120,27000,CANNED GOODS,Tuna in water,225,150,1.02
CANTUN1006,25,200,90000,CANNED GOODS,Tuna in water,450,150,1.67
CANTUN1007,25,80,28800,CANNED GOODS,Tuna with other condiments,360,40,2.3
CANTUN1008,25,80,14400,CANNED GOODS,Tuna with other condiments,180,180,3.12
CANTUN1009,25,200,72000,CANNED GOODS,Tuna with other condiments,360,90,3.13
CANMAC1010,25,80,18000,CANNED GOODS,Mackerel and sardines,225,75,3.23
CANMAC1011,25,200,48000,CANNED GOODS,Mackerel and sardines,240,60,1.69
CANMAC1012,25,80,24000,CANNED GOODS,Mackerel and sardines,300,150,3.65
CANMAC1013,25,120,43200,CANNED GOODS,Mackerel and sardines,360,60,2.46
CANANC1014,25,150,37500,CANNED GOODS,Anchovies and similar,250,100,4.28
CANANC1015,25,150,19500,CANNED GOODS,Anchovies and similar,130,130,3.75
CANANC1016,25,150,47250,CANNED GOODS,Anchovies and similar,315,70,3.8
CANOTH1017,25,173,25950,CANNED GOODS,Other fish products,150,100,4.75
CANOTH1018,25,83,9960,CANNED GOODS,Other fish products,120,120,2.67
REFYOG1019,26,200,15000,REFRIGERATED,Yogurt,75,45,1.11
REFYOG1020,26,125,9375,REFRIGERATED,Yogurt,75,50,2.88
REFYOG1021,26,125,10000,REFRIGERATED,Yogurt,80,40,1.94
REFYOG1022,26,500,52000,REFRIGERATED,Yogurt,104,24,0.81
REFYOG1023,26,125,13125,REFRIGERATED,Yogurt,105,35,2.29
REFYOG1024,26,500,48000,REFRIGERATED,Yogurt,96,12,1.6
REFYOG1025,26,500,24000,REFRIGERATED,Yogurt,48,8,2.97
REFYOG1026,26,200,21000,REFRIGERATED,Yogurt,105,105,2.31
REFYOG1027,26,150,7500,REFRIGERATED,Yogurt,50,25,1.87
REFFRE1028,26,500,30000,REFRIGERATED,Fresh Milk,60,12,2.45
REFFRE1029,26,1000,60000,REFRIGERATED,Fresh Milk,60,15,1.25
REFFRE1030,26,500,38500,REFRIGERATED,Fresh Milk,77,22,1.7
REFEGG1031,26,561,15708,REFRIGERATED,Eggs,28,14,4.27
REFEGG1032,26,841,16820,REFRIGERATED,Eggs,20,10,2.39
REFFRE1033,26,250,15000,REFRIGERATED,Fresh Pasta,60,30,2.8
REFFRE1034,26,250,20000,REFRIGERATED,Fresh Pasta,80,40,3.16
REFFRE1035,26,500,20000,REFRIGERATED,Fresh Pasta,40,40,4.98
REFFRE1036,26,250,12500,REFRIGERATED,Fresh Pasta,50,25,1.81
REFFRE1037,26,250,11250,REFRIGERATED,Fresh Pasta,45,30,2.03
REFFRE1038,26,250,20000,REFRIGERATED,Fresh Pasta,80,80,4.9
REFFRE1039,26,500,20000,REFRIGERATED,Fresh Pasta,40,20,4.93
REFBUT1040,26,125,8750,REFRIGERATED,Butter and Margarine,70,35,4.13
REFBUT1041,26,250,12500,REFRIGERATED,Butter and Margarine,50,25,2.99
REFBUT1042,26,500,16500,REFRIGERATED,Butter and Margarine,33,22,3.21
REFCHE1043,26,861,25830,REFRIGERATED,Cheese and Cured Meats,30,30,3.98
REFCHE1044,26,482,15424,REFRIGERATED,Cheese and Cured Meats,32,16,7.59
REFCHE1045,26,935,33660,REFRIGERATED,Cheese and Cured Meats,36,12,8.9
REFCHE1046,26,379,15160,REFRIGERATED,Cheese and Cured Meats,40,10,20.0
REFCHE1047,26,238,16660,REFRIGERATED,Cheese and Cured Meats,70,70,6.52
REFCHE1048,26,372,14880,REFRIGERATED,Cheese and Cured Meats,40,30,15.49
REFCHE1049,26,203,8120,REFRIGERATED,Cheese and Cured Meats,40,20,8.54
REFCHE1050,26,886,24808,REFRIGERATED,Cheese and Cured Meats,28,28,6.42
REFCHE1051,26,619,19808,REFRIGERATED,Cheese and Cured Meats,32,24,3.67
REFCHE1052,26,712,15664,REFRIGERATED,Cheese and Cured Meats,22,11,12.23
REFCHE1053,26,163,6520,REFRIGERATED,Cheese and Cured Meats,40,40,13.08
REFCHE1054,26,366,10980,REFRIGERATED,Cheese and Cured Meats,30,30,9.01
REFCHE1055,26,760,24320,REFRIGERATED,Cheese and Cured Meats,32,32,15.68
REFCHE1056,26,575,20700,REFRIGERATED,Cheese and Cured Meats,36,18,3.98
REFCHE1057,26,119,4760,REFRIGERATED,Cheese and Cured Meats,40,40,10.94
REFCHE1058,26,623,27412,REFRIGERATED,Cheese and Cured Meats,44,33,19.48
REFCHE1059,26,246,14760,REFRIGERATED,Cheese and Cured Meats,60,30,11.72
REFCHE1060,26,847,38115,REFRIGERATED,Cheese and Cured Meats,45,30,15.83
REFPIE1061,26,500,18000,REFRIGERATED,Pies and Pizza dough,36,36,2.26
REFPIE1062,26,300,24000,REFRIGERATED,Pies and Pizza dough,80,80,2.81
REFPIE1063,26,500,20000,REFRIGERATED,Pies and Pizza dough,40,40,2.47
REFPIE1064,26,500,22000,REFRIGERATED,Pies and Pizza dough,44,11,2.94
REFFRE1065,26,250,15000,REFRIGERATED,Fresh Juices,60,20,4.95
REFFRE1066,26,1000,24000,REFRIGERATED,Fresh Juices,24,24,4.01
REFFRE1067,26,1000,48000,REFRIGERATED,Fresh Juices,48,16,4.89
FROFRO1068,27,1000,80000,FROZEN,Frozen Vegetables,80,16,3.63
FROFRO1069,27,250,18750,FROZEN,Frozen Vegetables,75,50,3.62
FROFRO1070,27,750,42000,FROZEN,Frozen Vegetables,56,28,3.71
FROFRO1071,27,250,17500,FROZEN,Frozen Vegetables,70,70,3.93
FROFRO1072,27,750,37500,FROZEN,Frozen Vegetables,50,10,3.34
FROFRO1073,27,1000,60000,FROZEN,Frozen Vegetables,60,45,3.82
FROFRO1074,27,519,10380,FROZEN,Frozen Fish,20,10,5.1
FROFRO1075,27,746,29840,FROZEN,Frozen Fish,40,20,4.47
FROFRO1076,27,502,20080,FROZEN,Frozen Fish,40,30,9.93
FROFRO1077,27,463,16668,FROZEN,Frozen Fish,36,18,9.96
FROFRO1078,27,1000,33000,FROZEN,Frozen Potatoes,33,33,1.5
FROFRO1079,27,500,14000,FROZEN,Frozen Potatoes,28,28,2.18
FROICE1080,27,200,14000,FROZEN,Ice Creams,70,70,2.41
FROICE1081,27,943,22632,FROZEN,Ice Creams,24,24,7.62
FROICE1082,27,327,10464,FROZEN,Ice Creams,32,16,6.86
FROICE1083,27,875,42000,FROZEN,Ice Creams,48,8,6.2
FROICE1084,27,583,26235,FROZEN,Ice Creams,45,15,6.12
FROICE1085,27,274,13700,FROZEN,Ice Creams,50,25,4.09
FROICE1086,27,387,15480,FROZEN,Ice Creams,40,30,5.46
FROICE1087,27,244,12200,FROZEN,Ice Creams,50,25,7.73
FROPIZ1088,27,400,14400,FROZEN,Pizzas,36,18,3.55
FROPIZ1089,27,300,12000,FROZEN,Pizzas,40,20,4.25
FROPIZ1090,27,400,12000,FROZEN,Pizzas,30,20,2.68
FROPIZ1091,27,400,12000,FROZEN,Pizzas,30,30,3.91
FROPIZ1092,27,800,25600,FROZEN,Pizzas,32,32,3.9
FROFRO1093,27,711,45504,FROZEN,Frozen Ready Meals,64,32,3.76
FROFRO1094,27,276,19320,FROZEN,Frozen Ready Meals,70,35,3.11
FROFRO1095,27,544,32640,FROZEN,Frozen Ready Meals,60,40,4.13
FROFRO1096,27,407,11396,FROZEN,Frozen Ready Meals,28,28,7.89
FROFRO1097,27,652,26080,FROZEN,Frozen Ready Meals,40,40,4.79
FROFRO1098,27,530,25440,FROZEN,Frozen Ready Meals,48,16,3.61
MEABEE1099,28,382,9168,MEAT,Beef,24,12,19.07
MEABEE1100,28,655,15720,MEAT,Beef,24,12,20.2
MEABEE1101,28,359,7180,MEAT,Beef,20,20,19.58
MEABEE1102,28,611,17108,MEAT,Beef,28,28,13.16
MEABEE1103,28,607,14568,MEAT,Beef,24,12,14.38
MEABEE1104,28,404,14544,MEAT,Beef,36,18,28.17
MEAPOR1105,28,665,13300,MEAT,Pork,20,10,10.82
MEAPOR1106,28,959,21098,MEAT,Pork,22,11,13.55
MEAPOR1107,28,915,14640,MEAT,Pork,16,16,10.83
MEAPOR1108,28,440,8800,MEAT,Pork,20,20,12.13
MEAPOR1109,28,295,8850,MEAT,Pork,30,15,13.12
MEACHI1110,28,1311,31464,MEAT,Chicken,24,24,13.39
MEACHI1111,28,589,23560,MEAT,Chicken,40,20,7.47
MEACHI1112,28,1380,33120,MEAT,Chicken,24,24,14.31
MEACHI1113,28,776,31040,MEAT,Chicken,40,40,6.3
MEACHI1114,28,627,18810,MEAT,Chicken,30,10,10.72
MEACHI1115,28,1110,24420,MEAT,Chicken,22,11,14.43
MEACHI1116,28,376,13536,MEAT,Chicken,36,18,8.77
MEACHI1117,28,890,17800,MEAT,Chicken,20,20,5.89
MEASAU1118,28,500,12000,MEAT,Sausages and Burgers,24,16,7.95
MEASAU1119,28,750,27000,MEAT,Sausages and Burgers,36,36,9.06
MEASAU1120,28,500,16000,MEAT,Sausages and Burgers,32,16,4.03
MEASAU1121,28,250,17500,MEAT,Sausages and Burgers,70,35,9.7
MEACOL1122,28,200,12000,MEAT,Cold Cuts,60,30,14.56
MEACOL1123,28,110,4950,MEAT,Cold Cuts,45,30,14.36
MEACOL1124,28,193,11580,MEAT,Cold Cuts,60,60,5.5
MEACOL1125,28,310,12400,MEAT,Cold Cuts,40,8,10.37
MEACOL1126,28,200,12000,MEAT,Cold Cuts,60,30,8.48
MEACOL1127,28,140,5600,MEAT,Cold Cuts,40,40,8.19
MEACOL1128,28,355,14200,MEAT,Cold Cuts,40,20,6.79
MEACOL1129,28,479,9580,MEAT,Cold Cuts,20,10,13.17
MEACOL1130,28,328,9840,MEAT,Cold Cuts,30,30,12.69
MEACOL1131,28,115,9200,MEAT,Cold Cuts,80,80,6.83
MEACOL1132,28,409,9816,MEAT,Cold Cuts,24,8,13.44
FISFRE1133,29,1323,37044,FISH,Fresh Fish,28,14,30.33
FISFRE1134,29,361,12996,FISH,Fresh Fish,36,18,21.84
FISFRE1135,29,1486,32692,FISH,Fresh Fish,22,11,13.77
FISFRE1136,29,1251,30024,FISH,Fresh Fish,24,24,39.24
FISFRE1137,29,1372,41160,FISH,Fresh Fish,30,30,30.47
FISSHE1138,29,637,17836,FISH,Shellfish,28,28,35.27
FISSHE1139,29,451,18040,FISH,Shellfish,40,20,16.51
FISSHE1140,29,248,9920,FISH,Shellfish,40,40,18.9
FISSMO1141,29,100,7000,FISH,Smoked Salmon,70,35,12.55
FISSMO1142,29,200,14000,FISH,Smoked Salmon,70,70,8.25
